dataset,seed,method,auc_roc,neg_brier,cv_lambda
Breast Cancer,0,Equal,0.9954143465443825,-0.022635788147349754,1.1
Breast Cancer,0,Perf-Weighted,0.9957418932197839,-0.022622147359315375,1.1
Breast Cancer,0,Individual-Only,0.9957418932197839,-0.022622147359315375,1.1
Breast Cancer,0,Interaction-Only,0.9931215198165738,-0.02757615898307514,1.1
Breast Cancer,0,Coopetitive-0.5,0.9977071732721913,-0.019138423110692252,1.1
Breast Cancer,0,Coopetitive-CV,0.9967245332459875,-0.019667703491407618,1.1
Breast Cancer,0,Shapley,0.9957418932197839,-0.0225920639546408,1.1
Breast Cancer,0,Shapley+SII,0.9977071732721913,-0.018377725424871358,1.1
Breast Cancer,0,Best-Single,0.9983622666229938,-0.014850292786578564,1.1
Breast Cancer,0,Stacking,0.9957418932197839,-0.069333452909447,
Breast Cancer,1,Equal,1.0,-0.007706040672161481,0.8
Breast Cancer,1,Perf-Weighted,1.0,-0.007639757294365363,0.8
Breast Cancer,1,Individual-Only,1.0,-0.007639757294365363,0.8
Breast Cancer,1,Interaction-Only,1.0,-0.01362442810642029,0.8
Breast Cancer,1,Coopetitive-0.5,1.0,-0.007703287585934519,0.8
Breast Cancer,1,Coopetitive-CV,1.0,-0.012653512950996785,0.8
Breast Cancer,1,Shapley,1.0,-0.007647365816158734,0.8
Breast Cancer,1,Shapley+SII,1.0,-0.016083935671448973,0.8
Breast Cancer,1,Best-Single,0.9993386243386243,-0.008382904532818343,0.8
Breast Cancer,1,Stacking,1.0,-0.061142308127853824,
Breast Cancer,2,Equal,0.9990173599737963,-0.019344973261485335,0.0
Breast Cancer,2,Perf-Weighted,0.9990173599737963,-0.019337778391352256,0.0
Breast Cancer,2,Individual-Only,0.9990173599737963,-0.019337778391352256,0.0
Breast Cancer,2,Interaction-Only,0.998689813298395,-0.023969124998060733,0.0
Breast Cancer,2,Coopetitive-0.5,0.9980347199475926,-0.021799288446431322,0.0
Breast Cancer,2,Coopetitive-CV,0.9990173599737963,-0.019987812238056547,0.0
Breast Cancer,2,Shapley,0.9990173599737963,-0.019378954296589607,0.0
Breast Cancer,2,Shapley+SII,0.9980347199475926,-0.023528323304717925,0.0
Breast Cancer,2,Best-Single,0.9963969865705864,-0.028758114035087722,0.0
Breast Cancer,2,Stacking,0.9990173599737963,-0.026526017838312453,
Breast Cancer,3,Equal,0.9977071732721913,-0.014100833918390704,0.0
Breast Cancer,3,Perf-Weighted,0.9977071732721913,-0.014099868100037303,0.0
Breast Cancer,3,Individual-Only,0.9977071732721913,-0.014099868100037303,0.0
Breast Cancer,3,Interaction-Only,0.99737962659679,-0.01723193442052071,0.0
Breast Cancer,3,Coopetitive-0.5,0.9983622666229938,-0.015526632037383326,0.0
Breast Cancer,3,Coopetitive-CV,0.9983622666229938,-0.015312620097497936,0.0
Breast Cancer,3,Shapley,0.9977071732721913,-0.014145604626562705,0.0
Breast Cancer,3,Shapley+SII,0.9980347199475925,-0.015874053105383895,0.0
Breast Cancer,3,Best-Single,0.9980347199475925,-0.01650283080104611,0.0
Breast Cancer,3,Stacking,0.9977071732721913,-0.02017665121334094,
Breast Cancer,4,Equal,0.9911562397641663,-0.029708389003830077,0.0
Breast Cancer,4,Perf-Weighted,0.9911562397641663,-0.029816748412721684,0.0
Breast Cancer,4,Individual-Only,0.9911562397641663,-0.029816748412721684,0.0
Breast Cancer,4,Interaction-Only,0.9931215198165738,-0.02883070716772997,0.0
Breast Cancer,4,Coopetitive-0.5,0.9855879462823453,-0.036289232862854404,0.0
Breast Cancer,4,Coopetitive-CV,0.9868981329839502,-0.033391082660241635,0.0
Breast Cancer,4,Shapley,0.9908286930887651,-0.02996738913116188,0.0
Breast Cancer,4,Shapley+SII,0.9898460530625613,-0.03179581922926788,0.0
Breast Cancer,4,Best-Single,0.9710121192269898,-0.04543793859649123,0.0
Breast Cancer,4,Stacking,0.9911562397641663,-0.07212809079962393,
Heart Disease,0,Equal,0.9125,-0.1279195837540795,0.0
Heart Disease,0,Perf-Weighted,0.9125,-0.12801589940726418,0.0
Heart Disease,0,Individual-Only,0.9125,-0.12801589940726418,0.0
Heart Disease,0,Interaction-Only,0.9055555555555556,-0.12472322602348009,0.0
Heart Disease,0,Coopetitive-0.5,0.9,-0.1328634159215366,0.0
Heart Disease,0,Coopetitive-CV,0.9,-0.13325801982249488,0.0
Heart Disease,0,Shapley,0.9125,-0.12815357772365152,0.0
Heart Disease,0,Shapley+SII,0.9,-0.13213929745301717,0.0
Heart Disease,0,Best-Single,0.8861111111111111,-0.1446888888888889,0.0
Heart Disease,0,Stacking,0.9152777777777777,-0.1853999840040936,
Heart Disease,1,Equal,0.9180555555555555,-0.11436058285007104,1.3
Heart Disease,1,Perf-Weighted,0.9180555555555555,-0.11420754576395455,1.3
Heart Disease,1,Individual-Only,0.9180555555555555,-0.11420754576395455,1.3
Heart Disease,1,Interaction-Only,0.9013888888888889,-0.12529251864782653,1.3
Heart Disease,1,Coopetitive-0.5,0.9236111111111112,-0.11048945993202036,1.3
Heart Disease,1,Coopetitive-CV,0.9138888888888889,-0.11179295351087405,1.3
Heart Disease,1,Shapley,0.9180555555555555,-0.11378997619563622,1.3
Heart Disease,1,Shapley+SII,0.9166666666666666,-0.11079813663044791,1.3
Heart Disease,1,Best-Single,0.9208333333333334,-0.11186696900982615,1.3
Heart Disease,1,Stacking,0.9138888888888889,-0.12261142148845788,
Heart Disease,2,Equal,0.8958333333333334,-0.12974512408779412,1.5
Heart Disease,2,Perf-Weighted,0.8958333333333334,-0.1294782345921663,1.5
Heart Disease,2,Individual-Only,0.8958333333333334,-0.1294782345921663,1.5
Heart Disease,2,Interaction-Only,0.8944444444444445,-0.15178653484434543,1.5
Heart Disease,2,Coopetitive-0.5,0.8972222222222223,-0.12752451211307889,1.5
Heart Disease,2,Coopetitive-CV,0.8930555555555555,-0.1319232769168001,1.5
Heart Disease,2,Shapley,0.8944444444444445,-0.1289644304598284,1.5
Heart Disease,2,Shapley+SII,0.9027777777777778,-0.12393669496335485,1.5
Heart Disease,2,Best-Single,0.8847222222222222,-0.13937701743705536,1.5
Heart Disease,2,Stacking,0.8972222222222221,-0.13474385369711087,
Heart Disease,3,Equal,0.9388888888888889,-0.09683232714786613,0.7
Heart Disease,3,Perf-Weighted,0.9402777777777778,-0.09696840113911251,0.7
Heart Disease,3,Individual-Only,0.9402777777777778,-0.09696840113911251,0.7
Heart Disease,3,Interaction-Only,0.9319444444444445,-0.10246082334109843,0.7
Heart Disease,3,Coopetitive-0.5,0.9361111111111111,-0.10371066037916075,0.7
Heart Disease,3,Coopetitive-CV,0.9361111111111111,-0.10513289446752419,0.7
Heart Disease,3,Shapley,0.9375,-0.09747930433521815,0.7
Heart Disease,3,Shapley+SII,0.9361111111111111,-0.10533043315988914,0.7
Heart Disease,3,Best-Single,0.9111111111111111,-0.11942554799697659,0.7
Heart Disease,3,Stacking,0.9402777777777778,-0.115928102606259,
Heart Disease,4,Equal,0.8861111111111111,-0.14061246594333546,0.0
Heart Disease,4,Perf-Weighted,0.8861111111111111,-0.13969807884119365,0.0
Heart Disease,4,Individual-Only,0.8861111111111111,-0.13969807884119365,0.0
Heart Disease,4,Interaction-Only,0.8694444444444445,-0.17374103194688734,0.0
Heart Disease,4,Coopetitive-0.5,0.8944444444444444,-0.13314572996507956,0.0
Heart Disease,4,Coopetitive-CV,0.8916666666666666,-0.13367299417039208,0.0
Heart Disease,4,Shapley,0.8875,-0.13864893507022583,0.0
Heart Disease,4,Shapley+SII,0.8833333333333333,-0.13744846498787183,0.0
Heart Disease,4,Best-Single,0.8791666666666667,-0.13908472222222223,0.0
Heart Disease,4,Stacking,0.8916666666666666,-0.13996473654971212,
Pima Diabetes,0,Equal,0.8238371006912012,-0.1606173386957186,0.2
Pima Diabetes,0,Perf-Weighted,0.8251447786288063,-0.16024913371744992,0.2
Pima Diabetes,0,Individual-Only,0.8251447786288063,-0.16024913371744992,0.2
Pima Diabetes,0,Interaction-Only,0.8025406314216327,-0.16648285063248283,0.2
Pima Diabetes,0,Coopetitive-0.5,0.8273865122361292,-0.15944603442114114,0.2
Pima Diabetes,0,Coopetitive-CV,0.8277601345040164,-0.15947520158214065,0.2
Pima Diabetes,0,Shapley,0.8273865122361292,-0.15985506211364497,0.2
Pima Diabetes,0,Shapley+SII,0.8264524565664113,-0.15942511311535293,0.2
Pima Diabetes,0,Best-Single,0.8247711563609191,-0.16192253468071316,0.2
Pima Diabetes,0,Stacking,0.7814309732860079,-0.19289721359567918,
Pima Diabetes,1,Equal,0.7762962962962963,-0.18399971350907526,0.8
Pima Diabetes,1,Perf-Weighted,0.7777777777777778,-0.18370410767317466,0.8
Pima Diabetes,1,Individual-Only,0.7777777777777778,-0.18370410767317466,0.8
Pima Diabetes,1,Interaction-Only,0.7709259259259259,-0.18757052554071318,0.8
Pima Diabetes,1,Coopetitive-0.5,0.7912962962962963,-0.1776302936956561,0.8
Pima Diabetes,1,Coopetitive-CV,0.7955555555555556,-0.17588041895065468,0.8
Pima Diabetes,1,Shapley,0.7794444444444445,-0.18268481424615857,0.8
Pima Diabetes,1,Shapley+SII,0.7966666666666667,-0.17533255371165968,0.8
Pima Diabetes,1,Best-Single,0.7709259259259259,-0.18300000000000002,0.8
Pima Diabetes,1,Stacking,0.7881481481481482,-0.17871414273634428,
Pima Diabetes,2,Equal,0.8453203810947132,-0.1545327441322823,0.7
Pima Diabetes,2,Perf-Weighted,0.844573136558939,-0.15468755938432077,0.7
Pima Diabetes,2,Individual-Only,0.844573136558939,-0.15468755938432077,0.7
Pima Diabetes,2,Interaction-Only,0.8393424248085186,-0.1562992932010304,0.7
Pima Diabetes,2,Coopetitive-0.5,0.8342985241920419,-0.15945575732072553,0.7
Pima Diabetes,2,Coopetitive-CV,0.8337380907902111,-0.15954098585862495,0.7
Pima Diabetes,2,Shapley,0.8421445918176723,-0.15506255035825572,0.7
Pima Diabetes,2,Shapley+SII,0.8277601345040164,-0.16097966942609165,0.7
Pima Diabetes,2,Best-Single,0.8057164206986737,-0.1689379638857802,0.7
Pima Diabetes,2,Stacking,0.8286941901737344,-0.16486475551105337,
Pima Diabetes,3,Equal,0.8449467588268261,-0.1515827562233771,0.6
Pima Diabetes,3,Perf-Weighted,0.8460676256304875,-0.1513928492395096,0.6
Pima Diabetes,3,Individual-Only,0.8460676256304875,-0.1513928492395096,0.6
Pima Diabetes,3,Interaction-Only,0.8346721464599289,-0.15696300919675385,0.6
Pima Diabetes,3,Coopetitive-0.5,0.8529796375864002,-0.14832248637398382,0.6
Pima Diabetes,3,Coopetitive-CV,0.8526060153185131,-0.14818065701680683,0.6
Pima Diabetes,3,Shapley,0.8479357369699234,-0.15088377562378372,0.6
Pima Diabetes,3,Shapley+SII,0.8585839716047077,-0.1466778024648313,0.6
Pima Diabetes,3,Best-Single,0.8460676256304875,-0.15091428571428572,0.6
Pima Diabetes,3,Stacking,0.8466280590323183,-0.1563130800616843,
Pima Diabetes,4,Equal,0.8229030450214833,-0.1621805245874077,0.0
Pima Diabetes,4,Perf-Weighted,0.823089856155427,-0.1618953714991639,0.0
Pima Diabetes,4,Individual-Only,0.823089856155427,-0.1618953714991639,0.0
Pima Diabetes,4,Interaction-Only,0.7984307864748739,-0.17263159689196217,0.0
Pima Diabetes,4,Coopetitive-0.5,0.8242107229590883,-0.16282244676236982,0.0
Pima Diabetes,4,Coopetitive-CV,0.825705212030637,-0.1624152258838714,0.0
Pima Diabetes,4,Shapley,0.8257052120306371,-0.1616315869586722,0.0
Pima Diabetes,4,Shapley+SII,0.7986175976088175,-0.17112239231429666,0.0
Pima Diabetes,4,Best-Single,0.8022604147207174,-0.17315596308436362,0.0
Pima Diabetes,4,Stacking,0.8331776573883803,-0.15748256251488005,
Ionosphere,0,Equal,0.9786324786324787,-0.059845252216152764,0.0
Ionosphere,0,Perf-Weighted,0.9786324786324787,-0.058832600681751834,0.0
Ionosphere,0,Individual-Only,0.9786324786324787,-0.058832600681751834,0.0
Ionosphere,0,Interaction-Only,0.9666666666666668,-0.08932832768137246,0.0
Ionosphere,0,Coopetitive-0.5,0.9794871794871794,-0.05372996730569838,0.0
Ionosphere,0,Coopetitive-CV,0.9786324786324786,-0.05347446079534209,0.0
Ionosphere,0,Shapley,0.9794871794871796,-0.05857515647629755,0.0
Ionosphere,0,Shapley+SII,0.9692307692307692,-0.09547971312658361,0.0
Ionosphere,0,Best-Single,0.9790598290598291,-0.058254225352112686,0.0
Ionosphere,0,Stacking,0.9803418803418804,-0.05278305777342897,
Ionosphere,1,Equal,0.9658119658119658,-0.07004428205406671,1.0
Ionosphere,1,Perf-Weighted,0.9658119658119658,-0.06900713199234386,1.0
Ionosphere,1,Individual-Only,0.9658119658119658,-0.06900713199234386,1.0
Ionosphere,1,Interaction-Only,0.958974358974359,-0.10648508079675574,1.0
Ionosphere,1,Coopetitive-0.5,0.9606837606837606,-0.07577176303060147,1.0
Ionosphere,1,Coopetitive-CV,0.9452991452991453,-0.10092486790016235,1.0
Ionosphere,1,Shapley,0.9641025641025641,-0.06940118613069353,1.0
Ionosphere,1,Shapley+SII,0.9435897435897436,-0.10082956465554682,1.0
Ionosphere,1,Best-Single,0.9632478632478634,-0.07608559727668762,1.0
Ionosphere,1,Stacking,0.9666666666666667,-0.06403057521245976,
Ionosphere,2,Equal,0.982051282051282,-0.05550744684648395,0.0
Ionosphere,2,Perf-Weighted,0.9829059829059829,-0.05506990886749465,0.0
Ionosphere,2,Individual-Only,0.9829059829059829,-0.05506990886749465,0.0
Ionosphere,2,Interaction-Only,0.9547008547008548,-0.06813086471929357,0.0
Ionosphere,2,Coopetitive-0.5,0.9871794871794871,-0.04785738012526169,0.0
Ionosphere,2,Coopetitive-CV,0.9871794871794871,-0.04919680784312671,0.0
Ionosphere,2,Shapley,0.9837606837606837,-0.054717329684802675,0.0
Ionosphere,2,Shapley+SII,0.9547008547008548,-0.0677701806340157,0.0
Ionosphere,2,Best-Single,0.9893162393162394,-0.0508830985915493,0.0
Ionosphere,2,Stacking,0.9863247863247863,-0.057788800126637466,
Ionosphere,3,Equal,0.9965811965811966,-0.03579944191744763,0.5
Ionosphere,3,Perf-Weighted,0.9965811965811966,-0.035098533270879945,0.5
Ionosphere,3,Individual-Only,0.9965811965811966,-0.035098533270879945,0.5
Ionosphere,3,Interaction-Only,0.9794871794871796,-0.06437145484729373,0.5
Ionosphere,3,Coopetitive-0.5,0.9974358974358974,-0.03137282847797507,0.5
Ionosphere,3,Coopetitive-CV,0.9974358974358974,-0.03137282847797507,0.5
Ionosphere,3,Shapley,0.9957264957264957,-0.03508039117817855,0.5
Ionosphere,3,Shapley+SII,0.9752136752136752,-0.06634829392572131,0.5
Ionosphere,3,Best-Single,0.9965811965811966,-0.032434698390623504,0.5
Ionosphere,3,Stacking,0.9965811965811966,-0.043456801851489237,
Ionosphere,4,Equal,0.9786324786324787,-0.06671671785677195,0.0
Ionosphere,4,Perf-Weighted,0.9794871794871796,-0.06574741434613203,0.0
Ionosphere,4,Individual-Only,0.9794871794871796,-0.06574741434613203,0.0
Ionosphere,4,Interaction-Only,0.9743589743589743,-0.09248772132264657,0.0
Ionosphere,4,Coopetitive-0.5,0.9794871794871794,-0.05001096598251749,0.0
Ionosphere,4,Coopetitive-CV,0.9803418803418803,-0.05324930033507432,0.0
Ionosphere,4,Shapley,0.9794871794871796,-0.06519769042728701,0.0
Ionosphere,4,Shapley+SII,0.9564102564102565,-0.08130610190130674,0.0
Ionosphere,4,Best-Single,0.982905982905983,-0.042858602623010576,0.0
Ionosphere,4,Stacking,0.9794871794871796,-0.06572205890335489,
German Credit,0,Equal,0.8072619047619047,-0.15810055369796655,0.4
German Credit,0,Perf-Weighted,0.8165476190476191,-0.15461296511120665,0.4
German Credit,0,Individual-Only,0.8165476190476191,-0.15461296511120665,0.4
German Credit,0,Interaction-Only,0.7341666666666667,-0.17942917498460506,0.4
German Credit,0,Coopetitive-0.5,0.8416666666666667,-0.14183351820355747,0.4
German Credit,0,Coopetitive-CV,0.8408333333333333,-0.1423219867949146,0.4
German Credit,0,Shapley,0.8283333333333334,-0.14928571651155234,0.4
German Credit,0,Shapley+SII,0.8414285714285714,-0.14183818354571381,0.4
German Credit,0,Best-Single,0.8369047619047619,-0.14644762873649597,0.4
German Credit,0,Stacking,0.8385714285714285,-0.14793663651876643,
German Credit,1,Equal,0.7845238095238095,-0.16186259647711485,0.0
German Credit,1,Perf-Weighted,0.785952380952381,-0.1615737280692042,0.0
German Credit,1,Individual-Only,0.785952380952381,-0.1615737280692042,0.0
German Credit,1,Interaction-Only,0.7751190476190476,-0.16388798043988495,0.0
German Credit,1,Coopetitive-0.5,0.7855952380952381,-0.16177087548750052,0.0
German Credit,1,Coopetitive-CV,0.7902380952380952,-0.16103419094832858,0.0
German Credit,1,Shapley,0.7857142857142857,-0.1615804778789337,0.0
German Credit,1,Shapley+SII,0.7695238095238095,-0.17580613177025403,0.0
German Credit,1,Best-Single,0.7917261904761905,-0.1625745,0.0
German Credit,1,Stacking,0.7864285714285714,-0.1602592605916424,
German Credit,2,Equal,0.769047619047619,-0.17187350417412448,0.0
German Credit,2,Perf-Weighted,0.7708333333333334,-0.1714070671381713,0.0
German Credit,2,Individual-Only,0.7708333333333334,-0.1714070671381713,0.0
German Credit,2,Interaction-Only,0.7236904761904763,-0.18720200603395695,0.0
German Credit,2,Coopetitive-0.5,0.7846428571428572,-0.16653712672520343,0.0
German Credit,2,Coopetitive-CV,0.785952380952381,-0.16624573350297162,0.0
German Credit,2,Shapley,0.77,-0.17128091091673894,0.0
German Credit,2,Shapley+SII,0.7230952380952381,-0.18846632098148697,0.0
German Credit,2,Best-Single,0.7932738095238095,-0.164985875,0.0
German Credit,2,Stacking,0.7703571428571429,-0.17310995099253823,
German Credit,3,Equal,0.790595238095238,-0.16722736253852777,0.2
German Credit,3,Perf-Weighted,0.7941666666666666,-0.16624742026744266,0.2
German Credit,3,Individual-Only,0.7941666666666666,-0.16624742026744266,0.2
German Credit,3,Interaction-Only,0.7620238095238095,-0.1777752419084136,0.2
German Credit,3,Coopetitive-0.5,0.7932142857142859,-0.16438474543676074,0.2
German Credit,3,Coopetitive-CV,0.7942857142857143,-0.16424920056652134,0.2
German Credit,3,Shapley,0.7939285714285715,-0.1654141884755227,0.2
German Credit,3,Shapley+SII,0.7923809523809523,-0.17021052253758537,0.2
German Credit,3,Best-Single,0.7888095238095238,-0.16477,0.2
German Credit,3,Stacking,0.7852380952380952,-0.16746921661084713,
German Credit,4,Equal,0.814642857142857,-0.1589955834880617,0.2
German Credit,4,Perf-Weighted,0.8160714285714286,-0.1577860855084242,0.2
German Credit,4,Individual-Only,0.8160714285714286,-0.1577860855084242,0.2
German Credit,4,Interaction-Only,0.7857142857142858,-0.1669142943493993,0.2
German Credit,4,Coopetitive-0.5,0.8046428571428571,-0.15980894909158086,0.2
German Credit,4,Coopetitive-CV,0.8058333333333334,-0.15843823008263913,0.2
German Credit,4,Shapley,0.8132142857142857,-0.15691497434688656,0.2
German Credit,4,Shapley+SII,0.8010714285714285,-0.16709926623298288,0.2
German Credit,4,Best-Single,0.7770238095238095,-0.18393461406230927,0.2
German Credit,4,Stacking,0.8070238095238096,-0.15649371643406368,
Adult Census,0,Equal,0.9120261121450506,-0.09672962041676077,0.8
Adult Census,0,Perf-Weighted,0.9129811200598975,-0.09610938267763137,0.8
Adult Census,0,Individual-Only,0.9129811200598975,-0.09610938267763137,0.8
Adult Census,0,Interaction-Only,0.894784972991902,-0.1067389797626849,0.8
Adult Census,0,Coopetitive-0.5,0.9211096809783168,-0.09122156592840115,0.8
Adult Census,0,Coopetitive-CV,0.9217482907188679,-0.09124224408750149,0.8
Adult Census,0,Shapley,0.9139314657495091,-0.09549554502968595,0.8
Adult Census,0,Shapley+SII,0.9139631803927759,-0.09576024920944488,0.8
Adult Census,0,Best-Single,0.9214445841577125,-0.09314281493425369,0.8
Adult Census,0,Stacking,0.9207070028580018,-0.09342527287591923,
Adult Census,1,Equal,0.9178912490492801,-0.09367831627996205,0.8
Adult Census,1,Perf-Weighted,0.9188841879077074,-0.09301511331064956,0.8
Adult Census,1,Individual-Only,0.9188841879077074,-0.09301511331064956,0.8
Adult Census,1,Interaction-Only,0.9000038448968607,-0.10392700948778141,0.8
Adult Census,1,Coopetitive-0.5,0.9272390106458748,-0.0871934108382613,0.8
Adult Census,1,Coopetitive-CV,0.9277932974238384,-0.08694683426464853,0.8
Adult Census,1,Shapley,0.9198625069487302,-0.09235148233984072,0.8
Adult Census,1,Shapley+SII,0.920175796972869,-0.09208291711223508,0.8
Adult Census,1,Best-Single,0.9278433731763647,-0.08798901736736298,0.8
Adult Census,1,Stacking,0.9262239693863327,-0.08853979222454883,
Adult Census,2,Equal,0.9157145654478,-0.09634813295476075,0.8
Adult Census,2,Perf-Weighted,0.9166550686619149,-0.09571420001834285,0.8
Adult Census,2,Individual-Only,0.9166550686619149,-0.09571420001834285,0.8
Adult Census,2,Interaction-Only,0.8973608236551869,-0.1068215042323577,0.8
Adult Census,2,Coopetitive-0.5,0.924669088491222,-0.09033794988522978,0.8
Adult Census,2,Coopetitive-CV,0.9254130875454234,-0.09002490800124328,0.8
Adult Census,2,Shapley,0.9176609005876591,-0.09505878215286928,0.8
Adult Census,2,Shapley+SII,0.9183277714713027,-0.09486109099326066,0.8
Adult Census,2,Best-Single,0.9254142387121483,-0.09120619297027588,0.8
Adult Census,2,Stacking,0.9223714748253076,-0.0933107199970139,
Adult Census,3,Equal,0.9101501708504095,-0.0995235181560242,0.8
Adult Census,3,Perf-Weighted,0.9112205256710756,-0.09881591621654727,0.8
Adult Census,3,Individual-Only,0.9112205256710756,-0.09881591621654727,0.8
Adult Census,3,Interaction-Only,0.8923128424505163,-0.10933513114801663,0.8
Adult Census,3,Coopetitive-0.5,0.9200964240271979,-0.09308913251202995,0.8
Adult Census,3,Coopetitive-CV,0.9206599201389597,-0.09291967920810099,0.8
Adult Census,3,Shapley,0.9124102564810975,-0.09802237395982889,0.8
Adult Census,3,Shapley+SII,0.9176638936211434,-0.09440145461007074,0.8
Adult Census,3,Best-Single,0.9205363999493947,-0.09438730031251907,0.8
Adult Census,3,Stacking,0.9197560240266915,-0.09597772651215082,
Adult Census,4,Equal,0.9127830042665692,-0.09713543899395358,0.8
Adult Census,4,Perf-Weighted,0.913633889151163,-0.09659791500334859,0.8
Adult Census,4,Individual-Only,0.913633889151163,-0.09659791500334859,0.8
Adult Census,4,Interaction-Only,0.8961884754627085,-0.10599664672877156,0.8
Adult Census,4,Coopetitive-0.5,0.9202833735032963,-0.09231406805721165,0.8
Adult Census,4,Coopetitive-CV,0.9208360486478453,-0.09214527665481138,0.8
Adult Census,4,Shapley,0.914462498959633,-0.09606035035770516,0.8
Adult Census,4,Shapley+SII,0.9123581661868028,-0.09715704711964453,0.8
Adult Census,4,Best-Single,0.9197101500327104,-0.09403520077466965,0.8
Adult Census,4,Stacking,0.9187246361996578,-0.0948706015961697,
Australian Credit,0,Equal,0.934852033212689,-0.09562380496796319,1.2
Australian Credit,0,Perf-Weighted,0.9354907387694273,-0.09562459229271418,1.2
Australian Credit,0,Individual-Only,0.9354907387694273,-0.09562459229271418,1.2
Australian Credit,0,Interaction-Only,0.9374068554396423,-0.09631217299843853,1.2
Australian Credit,0,Coopetitive-0.5,0.9359165424739195,-0.10235317926374626,1.2
Australian Credit,0,Coopetitive-CV,0.9393229721098573,-0.10005634825523485,1.2
Australian Credit,0,Shapley,0.9348520332126891,-0.09564052149498599,1.2
Australian Credit,0,Shapley+SII,0.9393229721098574,-0.09957774135141771,1.2
Australian Credit,0,Best-Single,0.9335746220992123,-0.12219003587961197,1.2
Australian Credit,0,Stacking,0.9342133276559506,-0.1317121046953256,
Australian Credit,1,Equal,0.9219015280135824,-0.10554613466054405,0.8
Australian Credit,1,Perf-Weighted,0.9225382003395586,-0.10554890792551633,0.8
Australian Credit,1,Individual-Only,0.9225382003395586,-0.10554890792551633,0.8
Australian Credit,1,Interaction-Only,0.9182937181663836,-0.10681797678384972,0.8
Australian Credit,1,Coopetitive-0.5,0.9199915110356537,-0.10797658878131322,0.8
Australian Credit,1,Coopetitive-CV,0.9204159592529711,-0.10852424344541463,0.8
Australian Credit,1,Shapley,0.9223259762308998,-0.10553929298861488,0.8
Australian Credit,1,Shapley+SII,0.9233870967741935,-0.10763426000733438,0.8
Australian Credit,1,Best-Single,0.9171264855687606,-0.11238550724637682,0.8
Australian Credit,1,Stacking,0.9225382003395586,-0.13730216437687945,
Australian Credit,2,Equal,0.9363423461784118,-0.09039543701473872,0.8
Australian Credit,2,Perf-Weighted,0.9363423461784117,-0.09038041895639252,0.8
Australian Credit,2,Individual-Only,0.9363423461784117,-0.09038041895639252,0.8
Australian Credit,2,Interaction-Only,0.9346391313604429,-0.0941309858831418,0.8
Australian Credit,2,Coopetitive-0.5,0.9310197998722588,-0.09617243662459726,0.8
Australian Credit,2,Coopetitive-CV,0.9337875239514583,-0.09221655052278681,0.8
Australian Credit,2,Shapley,0.9371939535873962,-0.0902814770713102,0.8
Australian Credit,2,Shapley+SII,0.9395358739621035,-0.08810264763368829,0.8
Australian Credit,2,Best-Single,0.9216521183734298,-0.11415817588567734,0.8
Australian Credit,2,Stacking,0.9335746220992123,-0.10128625918768273,
Australian Credit,3,Equal,0.9222908239301681,-0.1063119551811709,0.0
Australian Credit,3,Perf-Weighted,0.9214392165211837,-0.10614508441437137,0.0
Australian Credit,3,Individual-Only,0.9214392165211837,-0.10614508441437137,0.0
Australian Credit,3,Interaction-Only,0.9214392165211837,-0.1144412134197584,0.0
Australian Credit,3,Coopetitive-0.5,0.9167553757717692,-0.10791229132303545,0.0
Australian Credit,3,Coopetitive-CV,0.9171811794762614,-0.10820119456607398,0.0
Australian Credit,3,Shapley,0.9216521183734299,-0.10591523847241133,0.0
Australian Credit,3,Shapley+SII,0.9173940813285076,-0.10691929109349252,0.0
Australian Credit,3,Best-Single,0.9033425590802641,-0.12148365378379822,0.0
Australian Credit,3,Stacking,0.8980200127741111,-0.10982885167660571,
Australian Credit,4,Equal,0.9465616350862252,-0.07930316675773807,0.4
Australian Credit,4,Perf-Weighted,0.9465616350862252,-0.07922438958941876,0.4
Australian Credit,4,Individual-Only,0.9465616350862252,-0.07922438958941876,0.4
Australian Credit,4,Interaction-Only,0.9388971684053651,-0.08610500006029972,0.4
Australian Credit,4,Coopetitive-0.5,0.9463487332339791,-0.0785530806781961,0.4
Australian Credit,4,Coopetitive-CV,0.9476261443474558,-0.07843592896132207,0.4
Australian Credit,4,Shapley,0.9469874387907175,-0.07918424884640515,0.4
Australian Credit,4,Shapley+SII,0.9384713647008729,-0.08443693678610158,0.4
Australian Credit,4,Best-Single,0.9469874387907175,-0.08670630306005478,0.4
Australian Credit,4,Stacking,0.9465616350862253,-0.12530618846025082,
Sonar,0,Equal,0.8924485125858124,-0.13805334764797042,0.0
Sonar,0,Perf-Weighted,0.8947368421052632,-0.13692667847694873,0.0
Sonar,0,Individual-Only,0.8947368421052632,-0.13692667847694873,0.0
Sonar,0,Interaction-Only,0.8810068649885583,-0.14523308525692874,0.0
Sonar,0,Coopetitive-0.5,0.9153318077803203,-0.12601974912198421,0.0
Sonar,0,Coopetitive-CV,0.9153318077803203,-0.1273938694778808,0.0
Sonar,0,Shapley,0.9061784897025171,-0.13543072577961382,0.0
Sonar,0,Shapley+SII,0.8901601830663616,-0.13724500546264945,0.0
Sonar,0,Best-Single,0.9290617848970252,-0.11644212556703588,0.0
Sonar,0,Stacking,0.9038901601830663,-0.14731604663734854,
Sonar,1,Equal,0.8636363636363638,-0.1619197779342309,1.6
Sonar,1,Perf-Weighted,0.865909090909091,-0.16039131236981272,1.6
Sonar,1,Individual-Only,0.865909090909091,-0.16039131236981272,1.6
Sonar,1,Interaction-Only,0.8386363636363636,-0.18753486945372605,1.6
Sonar,1,Coopetitive-0.5,0.875,-0.1481179946692392,1.6
Sonar,1,Coopetitive-CV,0.8704545454545455,-0.15223250175997638,1.6
Sonar,1,Shapley,0.8704545454545454,-0.1577150319643823,1.6
Sonar,1,Shapley+SII,0.8795454545454546,-0.1457198820544728,1.6
Sonar,1,Best-Single,0.9068181818181817,-0.12751156879469258,1.6
Sonar,1,Stacking,0.8659090909090909,-0.15537332897181957,
Sonar,2,Equal,0.9382151029748285,-0.11444772907101328,0.0
Sonar,2,Perf-Weighted,0.9382151029748285,-0.1143663758460592,0.0
Sonar,2,Individual-Only,0.9382151029748285,-0.1143663758460592,0.0
Sonar,2,Interaction-Only,0.9267734553775744,-0.11861480576334038,0.0
Sonar,2,Coopetitive-0.5,0.9267734553775744,-0.11851484179801863,0.0
Sonar,2,Coopetitive-CV,0.9267734553775744,-0.11847111085472664,0.0
Sonar,2,Shapley,0.9290617848970252,-0.11480809098844467,0.0
Sonar,2,Shapley+SII,0.9061784897025171,-0.12685854939227043,0.0
Sonar,2,Best-Single,0.9199084668192219,-0.12355879740557356,0.0
Sonar,2,Stacking,0.9336384439359269,-0.21040146803120413,
Sonar,3,Equal,0.9130434782608696,-0.14397119341869505,0.2
Sonar,3,Perf-Weighted,0.9130434782608696,-0.1435038283723702,0.2
Sonar,3,Individual-Only,0.9130434782608696,-0.1435038283723702,0.2
Sonar,3,Interaction-Only,0.8901601830663616,-0.15586653045797166,0.2
Sonar,3,Coopetitive-0.5,0.9153318077803204,-0.14579659791671476,0.2
Sonar,3,Coopetitive-CV,0.9153318077803203,-0.14664530136229365,0.2
Sonar,3,Shapley,0.9153318077803204,-0.1424451272926543,0.2
Sonar,3,Shapley+SII,0.9107551487414188,-0.13639960243995966,0.2
Sonar,3,Best-Single,0.8810068649885584,-0.16276492806613124,0.2
Sonar,3,Stacking,0.9107551487414188,-0.15608650155711756,
Sonar,4,Equal,0.9061784897025172,-0.13826947228142827,0.0
Sonar,4,Perf-Weighted,0.9061784897025172,-0.137933215056761,0.0
Sonar,4,Individual-Only,0.9061784897025172,-0.137933215056761,0.0
Sonar,4,Interaction-Only,0.8718535469107551,-0.15436459300309777,0.0
Sonar,4,Coopetitive-0.5,0.9130434782608696,-0.14182530995101866,0.0
Sonar,4,Coopetitive-CV,0.9221967963386728,-0.13960199160447845,0.0
Sonar,4,Shapley,0.9107551487414188,-0.1380282088601173,0.0
Sonar,4,Shapley+SII,0.8901601830663616,-0.15160249932428252,0.0
Sonar,4,Best-Single,0.8558352402745996,-0.1672424077987671,0.0
Sonar,4,Stacking,0.9153318077803203,-0.14108137570190338,
SPECT Heart,0,Equal,0.8192389006342495,-0.12229434273997343,0.0
SPECT Heart,0,Perf-Weighted,0.8192389006342495,-0.12233777474723843,0.0
SPECT Heart,0,Individual-Only,0.8192389006342495,-0.12233777474723843,0.0
SPECT Heart,0,Interaction-Only,0.8171247357293869,-0.13019922884739674,0.0
SPECT Heart,0,Coopetitive-0.5,0.7748414376321353,-0.12964825414094877,0.0
SPECT Heart,0,Coopetitive-CV,0.7854122621564482,-0.12678003788320355,0.0
SPECT Heart,0,Shapley,0.8192389006342495,-0.12259913004007103,0.0
SPECT Heart,0,Shapley+SII,0.7959830866807611,-0.127574491670437,0.0
SPECT Heart,0,Best-Single,0.7536997885835095,-0.13660475069387196,0.0
SPECT Heart,0,Stacking,0.821353065539112,-0.12337745926660813,
SPECT Heart,1,Equal,0.872093023255814,-0.12470212177202826,0.0
SPECT Heart,1,Perf-Weighted,0.8784355179704018,-0.12143818852743812,0.0
SPECT Heart,1,Individual-Only,0.8784355179704018,-0.12143818852743812,0.0
SPECT Heart,1,Interaction-Only,0.8488372093023255,-0.13613994589827577,0.0
SPECT Heart,1,Coopetitive-0.5,0.8847780126849893,-0.1176594738499691,0.0
SPECT Heart,1,Coopetitive-CV,0.8847780126849893,-0.11751842379902888,0.0
SPECT Heart,1,Shapley,0.8805496828752644,-0.11759230655812847,0.0
SPECT Heart,1,Shapley+SII,0.8826638477801267,-0.11870089210360278,0.0
SPECT Heart,1,Best-Single,0.8805496828752641,-0.12207105064247921,0.0
SPECT Heart,1,Stacking,0.7494714587737843,-0.15148119066820073,
SPECT Heart,2,Equal,0.9112050739957717,-0.10204600886225795,0.0
SPECT Heart,2,Perf-Weighted,0.9112050739957717,-0.10158002968579984,0.0
SPECT Heart,2,Individual-Only,0.9112050739957717,-0.10158002968579984,0.0
SPECT Heart,2,Interaction-Only,0.8794926004228331,-0.1112566727129597,0.0
SPECT Heart,2,Coopetitive-0.5,0.8964059196617337,-0.09959751415205835,0.0
SPECT Heart,2,Coopetitive-CV,0.8985200845665962,-0.10154788762118615,0.0
SPECT Heart,2,Shapley,0.9048625792811839,-0.10116048876492395,0.0
SPECT Heart,2,Shapley+SII,0.9069767441860465,-0.09926405114847413,0.0
SPECT Heart,2,Best-Single,0.9027484143763214,-0.09775372292398311,0.0
SPECT Heart,2,Stacking,0.8160676532769555,-0.09956816823724148,
SPECT Heart,3,Equal,0.8023255813953488,-0.10568007598631374,0.8
SPECT Heart,3,Perf-Weighted,0.8002114164904862,-0.10504590983659726,0.8
SPECT Heart,3,Individual-Only,0.8002114164904862,-0.10504590983659726,0.8
SPECT Heart,3,Interaction-Only,0.7980972515856236,-0.10986840730615796,0.8
SPECT Heart,3,Coopetitive-0.5,0.8065539112050739,-0.10505175779189171,0.8
SPECT Heart,3,Coopetitive-CV,0.8128964059196617,-0.10644243632190636,0.8
SPECT Heart,3,Shapley,0.7959830866807611,-0.10480993251897763,0.8
SPECT Heart,3,Shapley+SII,0.8002114164904863,-0.10807913687995353,0.8
SPECT Heart,3,Best-Single,0.7536997885835095,-0.11490359157323837,0.8
SPECT Heart,3,Stacking,0.7156448202959831,-0.11162355728911812,
SPECT Heart,4,Equal,0.9408033826638478,-0.08490441827152363,0.0
SPECT Heart,4,Perf-Weighted,0.9408033826638478,-0.08504546949240617,0.0
SPECT Heart,4,Individual-Only,0.9408033826638478,-0.08504546949240617,0.0
SPECT Heart,4,Interaction-Only,0.9408033826638478,-0.0851357735307882,0.0
SPECT Heart,4,Coopetitive-0.5,0.9323467230443974,-0.08848786863351782,0.0
SPECT Heart,4,Coopetitive-CV,0.930232558139535,-0.08781626704456957,0.0
SPECT Heart,4,Shapley,0.9408033826638478,-0.08535954731585765,0.0
SPECT Heart,4,Shapley+SII,0.9365750528541226,-0.0899248393761378,0.0
SPECT Heart,4,Best-Single,0.9302325581395349,-0.08756743416329081,0.0
SPECT Heart,4,Stacking,0.9133192389006342,-0.10026113608738495,
Haberman Survival,0,Equal,0.6980392156862745,-0.18993896648665193,0.5
Haberman Survival,0,Perf-Weighted,0.7202614379084967,-0.1954382270503816,0.5
Haberman Survival,0,Individual-Only,0.7202614379084967,-0.1954382270503816,0.5
Haberman Survival,0,Interaction-Only,0.6836601307189543,-0.19036651155396803,0.5
Haberman Survival,0,Coopetitive-0.5,0.7176470588235294,-0.19996553333247938,0.5
Haberman Survival,0,Coopetitive-CV,0.7176470588235294,-0.19996553333247938,0.5
Haberman Survival,0,Shapley,0.7137254901960784,-0.20375630408900888,0.5
Haberman Survival,0,Shapley+SII,0.7202614379084968,-0.19477933505594092,0.5
Haberman Survival,0,Best-Single,0.7235294117647059,-0.19739215622028378,0.5
Haberman Survival,0,Stacking,0.5647058823529412,-0.21138938176360422,
Haberman Survival,1,Equal,0.6287581699346406,-0.2242903359826814,0.6
Haberman Survival,1,Perf-Weighted,0.6300653594771242,-0.22876198427744282,0.6
Haberman Survival,1,Individual-Only,0.6300653594771242,-0.22876198427744282,0.6
Haberman Survival,1,Interaction-Only,0.657516339869281,-0.21282556272233477,0.6
Haberman Survival,1,Coopetitive-0.5,0.6287581699346405,-0.2338133280001353,0.6
Haberman Survival,1,Coopetitive-CV,0.6313725490196078,-0.22989390981579966,0.6
Haberman Survival,1,Shapley,0.6183006535947713,-0.23457113123995485,0.6
Haberman Survival,1,Shapley+SII,0.627450980392157,-0.23037443595856186,0.6
Haberman Survival,1,Best-Single,0.6300653594771242,-0.3027384579181671,0.6
Haberman Survival,1,Stacking,0.6287581699346405,-0.19915284596547222,
Haberman Survival,2,Equal,0.5934640522875817,-0.20494421849662983,1.7
Haberman Survival,2,Perf-Weighted,0.6143790849673202,-0.20043615067136636,1.7
Haberman Survival,2,Individual-Only,0.6143790849673202,-0.20043615067136636,1.7
Haberman Survival,2,Interaction-Only,0.5725490196078431,-0.23220007254573127,1.7
Haberman Survival,2,Coopetitive-0.5,0.6300653594771243,-0.19275949429986636,1.7
Haberman Survival,2,Coopetitive-CV,0.5738562091503269,-0.22782378686336163,1.7
Haberman Survival,2,Shapley,0.6235294117647059,-0.19715763564327807,1.7
Haberman Survival,2,Shapley+SII,0.5895424836601307,-0.21270009966747208,1.7
Haberman Survival,2,Best-Single,0.6287581699346405,-0.19531526758946724,1.7
Haberman Survival,2,Stacking,0.5908496732026144,-0.19915354644746852,
Haberman Survival,3,Equal,0.7287581699346405,-0.1877997138350394,0.7
Haberman Survival,3,Perf-Weighted,0.7261437908496732,-0.18614597212915443,0.7
Haberman Survival,3,Individual-Only,0.7261437908496732,-0.18614597212915443,0.7
Haberman Survival,3,Interaction-Only,0.7196078431372549,-0.1899341324976873,0.7
Haberman Survival,3,Coopetitive-0.5,0.7104575163398693,-0.1850394588864706,0.7
Haberman Survival,3,Coopetitive-CV,0.7065359477124182,-0.18360491122469494,0.7
Haberman Survival,3,Shapley,0.7026143790849674,-0.18347123836742185,0.7
Haberman Survival,3,Shapley+SII,0.7222222222222223,-0.18268651228439067,0.7
Haberman Survival,3,Best-Single,0.6215686274509804,-0.19611197552021367,0.7
Haberman Survival,3,Stacking,0.7235294117647059,-0.19915189744397446,
Haberman Survival,4,Equal,0.6130718954248366,-0.22165560052481476,2.0
Haberman Survival,4,Perf-Weighted,0.611764705882353,-0.22081644848718376,2.0
Haberman Survival,4,Individual-Only,0.611764705882353,-0.22081644848718376,2.0
Haberman Survival,4,Interaction-Only,0.6261437908496732,-0.22577647434512707,2.0
Haberman Survival,4,Coopetitive-0.5,0.5738562091503268,-0.21806589852109742,2.0
Haberman Survival,4,Coopetitive-CV,0.592156862745098,-0.22062527836348622,2.0
Haberman Survival,4,Shapley,0.6104575163398693,-0.2198265289044111,2.0
Haberman Survival,4,Shapley+SII,0.5843137254901961,-0.2189806157157223,2.0
Haberman Survival,4,Best-Single,0.481045751633987,-0.22599656095050338,2.0
Haberman Survival,4,Stacking,0.6196078431372549,-0.19915304639318385,
Banknote Auth,0,Equal,1.0,-0.0008174482484230982,0.0
Banknote Auth,0,Perf-Weighted,1.0,-0.0008179049418380127,0.0
Banknote Auth,0,Individual-Only,1.0,-0.0008179049418380127,0.0
Banknote Auth,0,Interaction-Only,1.0,-0.0006217937117490432,0.0
Banknote Auth,0,Coopetitive-0.5,1.0,-0.0007888814128841239,0.0
Banknote Auth,0,Coopetitive-CV,1.0,-0.000760610290538268,0.0
Banknote Auth,0,Shapley,1.0,-0.000818049456078703,0.0
Banknote Auth,0,Shapley+SII,1.0,-0.0006203048503501047,0.0
Banknote Auth,0,Best-Single,1.0,-5.623099054955183e-05,0.0
Banknote Auth,0,Stacking,1.0,-0.11698053110072971,
Banknote Auth,1,Equal,1.0,-0.002569430638330567,0.0
Banknote Auth,1,Perf-Weighted,1.0,-0.0025684020375453904,0.0
Banknote Auth,1,Individual-Only,1.0,-0.0025684020375453904,0.0
Banknote Auth,1,Interaction-Only,0.9997857066323798,-0.007419114727956155,0.0
Banknote Auth,1,Coopetitive-0.5,1.0,-0.0015497710745605191,0.0
Banknote Auth,1,Coopetitive-CV,1.0,-0.0015497710745605191,0.0
Banknote Auth,1,Shapley,1.0,-0.0025681454484617777,0.0
Banknote Auth,1,Shapley+SII,0.9997857066323798,-0.007419114727956155,0.0
Banknote Auth,1,Best-Single,0.9994642665809492,-0.00876281818181818,0.0
Banknote Auth,1,Stacking,1.0,-0.11751028877481515,
Banknote Auth,2,Equal,1.0,-0.0030680223392504317,0.0
Banknote Auth,2,Perf-Weighted,1.0,-0.0030725454167542412,0.0
Banknote Auth,2,Individual-Only,1.0,-0.0030725454167542412,0.0
Banknote Auth,2,Interaction-Only,1.0,-0.0010264732365790868,0.0
Banknote Auth,2,Coopetitive-0.5,1.0,-0.003037272828527124,0.0
Banknote Auth,2,Coopetitive-CV,1.0,-0.003705722677959771,0.0
Banknote Auth,2,Shapley,1.0,-0.003072277783109397,0.0
Banknote Auth,2,Shapley+SII,1.0,-0.0009914122332211539,0.0
Banknote Auth,2,Best-Single,1.0,-0.00019193450040996287,0.0
Banknote Auth,2,Stacking,1.0,-0.11902446780146249,
Banknote Auth,3,Equal,1.0,-0.0014702546144817327,0.0
Banknote Auth,3,Perf-Weighted,1.0,-0.0014704489797102514,0.0
Banknote Auth,3,Individual-Only,1.0,-0.0014704489797102514,0.0
Banknote Auth,3,Interaction-Only,1.0,-0.0018488237538212856,0.0
Banknote Auth,3,Coopetitive-0.5,1.0,-0.001722923354796806,0.0
Banknote Auth,3,Coopetitive-CV,1.0,-0.001690992247289016,0.0
Banknote Auth,3,Shapley,1.0,-0.0014704988046414546,0.0
Banknote Auth,3,Shapley+SII,1.0,-0.0018488237538214004,0.0
Banknote Auth,3,Best-Single,0.9995714132647594,-0.012483486155005101,0.0
Banknote Auth,3,Stacking,1.0,-0.11669035810866132,
Banknote Auth,4,Equal,1.0,-0.0025263961709801755,0.0
Banknote Auth,4,Perf-Weighted,1.0,-0.0025307089535354464,0.0
Banknote Auth,4,Individual-Only,1.0,-0.0025307089535354464,0.0
Banknote Auth,4,Interaction-Only,1.0,-0.0008905910991250417,0.0
Banknote Auth,4,Coopetitive-0.5,1.0,-0.0031284665244604945,0.0
Banknote Auth,4,Coopetitive-CV,1.0,-0.003236532542152526,0.0
Banknote Auth,4,Shapley,1.0,-0.0025317964746006992,0.0
Banknote Auth,4,Shapley+SII,1.0,-0.000889718725599676,0.0
Banknote Auth,4,Best-Single,1.0,-6.48432449434831e-05,0.0
Banknote Auth,4,Stacking,1.0,-0.11774450623590657,
Blood Transfusion,0,Equal,0.6993788819875776,-0.1618511906267761,0.9
Blood Transfusion,0,Perf-Weighted,0.7060869565217391,-0.15810606163026772,0.9
Blood Transfusion,0,Individual-Only,0.7060869565217391,-0.15810606163026772,0.9
Blood Transfusion,0,Interaction-Only,0.6772670807453416,-0.17645639389521223,0.9
Blood Transfusion,0,Coopetitive-0.5,0.7187577639751552,-0.15361640862577106,0.9
Blood Transfusion,0,Coopetitive-CV,0.7199999999999999,-0.1537166114190767,0.9
Blood Transfusion,0,Shapley,0.7212422360248445,-0.15398961947050585,0.9
Blood Transfusion,0,Shapley+SII,0.720248447204969,-0.1539390515440288,0.9
Blood Transfusion,0,Best-Single,0.7130434782608696,-0.15695034941891003,0.9
Blood Transfusion,0,Stacking,0.7316770186335403,-0.15479171907758263,
Blood Transfusion,1,Equal,0.735014619883041,-0.15678197275373768,1.1
Blood Transfusion,1,Perf-Weighted,0.7432992202729045,-0.15435500998630328,1.1
Blood Transfusion,1,Individual-Only,0.7432992202729045,-0.15435500998630328,1.1
Blood Transfusion,1,Interaction-Only,0.7116228070175439,-0.16194608771891586,1.1
Blood Transfusion,1,Coopetitive-0.5,0.782041910331384,-0.14521105934802336,1.1
Blood Transfusion,1,Coopetitive-CV,0.7805799220272905,-0.145530711749123,1.1
Blood Transfusion,1,Shapley,0.7586500974658869,-0.14960042820705657,1.1
Blood Transfusion,1,Shapley+SII,0.7822855750487329,-0.14481679875474332,1.1
Blood Transfusion,1,Best-Single,0.8100633528265107,-0.1423781650212949,1.1
Blood Transfusion,1,Stacking,0.7328216374269005,-0.18242580825902516,
Blood Transfusion,2,Equal,0.7652173913043478,-0.15543471605136355,0.8
Blood Transfusion,2,Perf-Weighted,0.7684472049689441,-0.1527782593303433,0.8
Blood Transfusion,2,Individual-Only,0.7684472049689441,-0.1527782593303433,0.8
Blood Transfusion,2,Interaction-Only,0.7527950310559006,-0.17335838723480027,0.8
Blood Transfusion,2,Coopetitive-0.5,0.7706832298136645,-0.1506040718876981,0.8
Blood Transfusion,2,Coopetitive-CV,0.7724223602484472,-0.14990402453106597,0.8
Blood Transfusion,2,Shapley,0.7791304347826086,-0.15161309665509481,0.8
Blood Transfusion,2,Shapley+SII,0.772422360248447,-0.14949669511211588,0.8
Blood Transfusion,2,Best-Single,0.7614906832298136,-0.1520699260872223,0.8
Blood Transfusion,2,Stacking,0.7709316770186335,-0.15433077916763294,
Blood Transfusion,3,Equal,0.693167701863354,-0.16283886770415387,0.1
Blood Transfusion,3,Perf-Weighted,0.7053416149068323,-0.15818632431819013,0.1
Blood Transfusion,3,Individual-Only,0.7053416149068323,-0.15818632431819013,0.1
Blood Transfusion,3,Interaction-Only,0.6889440993788819,-0.17454446119080477,0.1
Blood Transfusion,3,Coopetitive-0.5,0.7118012422360249,-0.1566555625595437,0.1
Blood Transfusion,3,Coopetitive-CV,0.7085714285714285,-0.15793687400464965,0.1
Blood Transfusion,3,Shapley,0.7192546583850932,-0.15538608430060497,0.1
Blood Transfusion,3,Shapley+SII,0.7239751552795031,-0.15462867022714671,0.1
Blood Transfusion,3,Best-Single,0.6540372670807453,-0.17823129251700678,0.1
Blood Transfusion,3,Stacking,0.6988819875776398,-0.17892324774217555,
Blood Transfusion,4,Equal,0.6888198757763976,-0.1631531801493763,0.3
Blood Transfusion,4,Perf-Weighted,0.690807453416149,-0.16147974049770702,0.3
Blood Transfusion,4,Individual-Only,0.690807453416149,-0.16147974049770702,0.3
Blood Transfusion,4,Interaction-Only,0.6868322981366459,-0.17289766684807592,0.3
Blood Transfusion,4,Coopetitive-0.5,0.7131677018633541,-0.15603451358358011,0.3
Blood Transfusion,4,Coopetitive-CV,0.7116770186335404,-0.15656040856771913,0.3
Blood Transfusion,4,Shapley,0.6970186335403726,-0.15890533167176077,0.3
Blood Transfusion,4,Shapley+SII,0.7159006211180124,-0.15415389101922106,0.3
Blood Transfusion,4,Best-Single,0.7206211180124223,-0.15721461462332356,0.3
Blood Transfusion,4,Stacking,0.6880745341614906,-0.17891099203179747,
Tic-Tac-Toe,0,Equal,0.9979701492537314,-0.06890716534444695,0.0
Tic-Tac-Toe,0,Perf-Weighted,0.9991641791044776,-0.05134521597329995,0.0
Tic-Tac-Toe,0,Individual-Only,0.9991641791044776,-0.05134521597329995,0.0
Tic-Tac-Toe,0,Interaction-Only,0.8897910447761195,-0.1614224564710464,0.0
Tic-Tac-Toe,0,Coopetitive-0.5,1.0,-0.033245606850697815,0.0
Tic-Tac-Toe,0,Coopetitive-CV,0.9998805970149254,-0.04097965422146776,0.0
Tic-Tac-Toe,0,Shapley,0.9997611940298508,-0.04439378451955822,0.0
Tic-Tac-Toe,0,Shapley+SII,0.9594029850746268,-0.14052834928229982,0.0
Tic-Tac-Toe,0,Best-Single,1.0,-0.0032276457641273737,0.0
Tic-Tac-Toe,0,Stacking,1.0,-0.002862056296065191,
Tic-Tac-Toe,1,Equal,0.9878547378547379,-0.07401219513873365,0.7
Tic-Tac-Toe,1,Perf-Weighted,0.9925444925444925,-0.05864909211081428,0.7
Tic-Tac-Toe,1,Individual-Only,0.9925444925444925,-0.05864909211081428,0.7
Tic-Tac-Toe,1,Interaction-Only,0.9125781625781626,-0.15714947711242994,0.7
Tic-Tac-Toe,1,Coopetitive-0.5,0.9995189995189996,-0.03867773524648518,0.7
Tic-Tac-Toe,1,Coopetitive-CV,1.0,-0.029069721835088574,0.7
Tic-Tac-Toe,1,Shapley,0.9961519961519961,-0.051870079343084886,0.7
Tic-Tac-Toe,1,Shapley+SII,0.9537037037037036,-0.1445433867949031,0.7
Tic-Tac-Toe,1,Best-Single,1.0,-0.0036643780767917633,0.7
Tic-Tac-Toe,1,Stacking,1.0,-0.006677788271229832,
Tic-Tac-Toe,2,Equal,0.9928358208955224,-0.07811470433987142,0.4
Tic-Tac-Toe,2,Perf-Weighted,0.997134328358209,-0.058572666698045055,0.4
Tic-Tac-Toe,2,Individual-Only,0.997134328358209,-0.058572666698045055,0.4
Tic-Tac-Toe,2,Interaction-Only,0.8571940298507463,-0.16666804749096734,0.4
Tic-Tac-Toe,2,Coopetitive-0.5,1.0,-0.032811060533366604,0.4
Tic-Tac-Toe,2,Coopetitive-CV,1.0,-0.03633146279114969,0.4
Tic-Tac-Toe,2,Shapley,0.9996417910447761,-0.04641802472681459,0.4
Tic-Tac-Toe,2,Shapley+SII,1.0,-0.07963830182955556,0.4
Tic-Tac-Toe,2,Best-Single,1.0,-0.002961327088996768,0.4
Tic-Tac-Toe,2,Stacking,1.0,-7.30153340427383e-05,
Tic-Tac-Toe,3,Equal,0.9930746268656716,-0.07861312226921802,0.1
Tic-Tac-Toe,3,Perf-Weighted,0.9966567164179105,-0.05985658681642939,0.1
Tic-Tac-Toe,3,Individual-Only,0.9966567164179105,-0.05985658681642939,0.1
Tic-Tac-Toe,3,Interaction-Only,0.8686567164179104,-0.1637129123961005,0.1
Tic-Tac-Toe,3,Coopetitive-0.5,1.0,-0.03901260899731052,0.1
Tic-Tac-Toe,3,Coopetitive-CV,0.9992835820895523,-0.04825912725626239,0.1
Tic-Tac-Toe,3,Shapley,0.9991641791044776,-0.04997306744905858,0.1
Tic-Tac-Toe,3,Shapley+SII,0.9973731343283582,-0.104285017245288,0.1
Tic-Tac-Toe,3,Best-Single,1.0,-0.012415417470037937,0.1
Tic-Tac-Toe,3,Stacking,1.0,-0.0037971500977230983,
Tic-Tac-Toe,4,Equal,0.9802985074626864,-0.08184693923648398,0.5
Tic-Tac-Toe,4,Perf-Weighted,0.9899701492537314,-0.06364000620533322,0.5
Tic-Tac-Toe,4,Individual-Only,0.9899701492537314,-0.06364000620533322,0.5
Tic-Tac-Toe,4,Interaction-Only,0.8501492537313433,-0.1664021424895649,0.5
Tic-Tac-Toe,4,Coopetitive-0.5,0.9984477611940299,-0.03147547972647246,0.5
Tic-Tac-Toe,4,Coopetitive-CV,0.9984477611940299,-0.03147547972647246,0.5
Tic-Tac-Toe,4,Shapley,0.9948656716417911,-0.0486388603904476,0.5
Tic-Tac-Toe,4,Shapley+SII,0.9951044776119403,-0.05220414196093496,0.5
Tic-Tac-Toe,4,Best-Single,1.0,-0.008016780018806458,0.5
Tic-Tac-Toe,4,Stacking,0.9997611940298508,-0.010053207844225412,
Climate Crashes,0,Equal,0.9921436588103254,-0.029074425755788898,0.1
Climate Crashes,0,Perf-Weighted,0.9943883277216611,-0.027084502299296456,0.1
Climate Crashes,0,Individual-Only,0.9943883277216611,-0.027084502299296456,0.1
Climate Crashes,0,Interaction-Only,0.9708193041526375,-0.04608141460489466,0.1
Climate Crashes,0,Coopetitive-0.5,0.9943883277216611,-0.024239783735001793,0.1
Climate Crashes,0,Coopetitive-CV,0.9955106621773289,-0.02410926513639782,0.1
Climate Crashes,0,Shapley,0.9943883277216611,-0.026363355416360947,0.1
Climate Crashes,0,Shapley+SII,0.9854096520763187,-0.03324321530684985,0.1
Climate Crashes,0,Best-Single,0.9955106621773289,-0.02207643911242485,0.1
Climate Crashes,0,Stacking,0.9955106621773289,-0.02460979878164118,
Climate Crashes,1,Equal,0.9797979797979799,-0.027882443913641336,0.5
Climate Crashes,1,Perf-Weighted,0.9820426487093155,-0.027758655399206175,0.5
Climate Crashes,1,Individual-Only,0.9820426487093155,-0.027758655399206175,0.5
Climate Crashes,1,Interaction-Only,0.962962962962963,-0.034098600522933446,0.5
Climate Crashes,1,Coopetitive-0.5,0.9831649831649832,-0.02806236195460071,0.5
Climate Crashes,1,Coopetitive-CV,0.9831649831649832,-0.02806236195460071,0.5
Climate Crashes,1,Shapley,0.984287317620651,-0.02786470396553435,0.5
Climate Crashes,1,Shapley+SII,0.9618406285072952,-0.03181029807596905,0.5
Climate Crashes,1,Best-Single,0.9775533108866442,-0.035067085176706314,0.5
Climate Crashes,1,Stacking,0.8799102132435466,-0.04504110158182576,
Climate Crashes,2,Equal,0.9775533108866443,-0.04182708894987469,0.7
Climate Crashes,2,Perf-Weighted,0.978675645342312,-0.04001643752446041,0.7
Climate Crashes,2,Individual-Only,0.978675645342312,-0.04001643752446041,0.7
Climate Crashes,2,Interaction-Only,0.9169472502805835,-0.05701417243531431,0.7
Climate Crashes,2,Coopetitive-0.5,0.9831649831649831,-0.03384692882868115,0.7
Climate Crashes,2,Coopetitive-CV,0.9865319865319866,-0.033657093867793975,0.7
Climate Crashes,2,Shapley,0.9820426487093155,-0.0389102255128874,0.7
Climate Crashes,2,Shapley+SII,0.9371492704826038,-0.05308230583378024,0.7
Climate Crashes,2,Best-Single,0.9640852974186307,-0.03310730680823326,0.7
Climate Crashes,2,Stacking,0.7328843995510662,-0.05720708569147935,
Climate Crashes,3,Equal,0.978675645342312,-0.03643651414629141,0.2
Climate Crashes,3,Perf-Weighted,0.9775533108866442,-0.03424071763613384,0.2
Climate Crashes,3,Individual-Only,0.9775533108866442,-0.03424071763613384,0.2
Climate Crashes,3,Interaction-Only,0.9382716049382716,-0.04938305050326347,0.2
Climate Crashes,3,Coopetitive-0.5,0.9809203142536476,-0.031912633491579516,0.2
Climate Crashes,3,Coopetitive-CV,0.9820426487093153,-0.031825247764622366,0.2
Climate Crashes,3,Shapley,0.978675645342312,-0.032373016190096686,0.2
Climate Crashes,3,Shapley+SII,0.978675645342312,-0.03289713719913343,0.2
Climate Crashes,3,Best-Single,0.9775533108866442,-0.032009354492758824,0.2
Climate Crashes,3,Stacking,0.9708193041526375,-0.0328611243856863,
Climate Crashes,4,Equal,0.9932659932659933,-0.025888908841278226,0.0
Climate Crashes,4,Perf-Weighted,0.994388327721661,-0.023954024629699925,0.0
Climate Crashes,4,Individual-Only,0.994388327721661,-0.023954024629699925,0.0
Climate Crashes,4,Interaction-Only,0.9854096520763187,-0.04002194950374266,0.0
Climate Crashes,4,Coopetitive-0.5,0.9955106621773288,-0.019330707088070002,0.0
Climate Crashes,4,Coopetitive-CV,0.9955106621773288,-0.019322469724558554,0.0
Climate Crashes,4,Shapley,0.994388327721661,-0.02256757758088165,0.0
Climate Crashes,4,Shapley+SII,0.9932659932659932,-0.03554255987527516,0.0
Climate Crashes,4,Best-Single,0.9988776655443321,-0.016179840993646936,0.0
Climate Crashes,4,Stacking,0.9977553310886644,-0.014750208415385501,
Phoneme,0,Equal,0.9223991279501873,-0.10047219339241467,0.7
Phoneme,0,Perf-Weighted,0.9246122846714123,-0.09873617773408645,0.7
Phoneme,0,Individual-Only,0.9246122846714123,-0.09873617773408645,0.7
Phoneme,0,Interaction-Only,0.8684947231076684,-0.13438081731588414,0.7
Phoneme,0,Coopetitive-0.5,0.9306365302987761,-0.09415554437347536,0.7
Phoneme,0,Coopetitive-CV,0.9311939485028161,-0.09389998246511862,0.7
Phoneme,0,Shapley,0.9259211851949726,-0.09757047443142429,0.7
Phoneme,0,Shapley+SII,0.8832229507655209,-0.1263487179901954,0.7
Phoneme,0,Best-Single,0.9298375642063191,-0.09270293709528214,0.7
Phoneme,0,Stacking,0.9298354996944522,-0.09272902816693442,
Phoneme,1,Equal,0.9505469142824171,-0.08390535302690943,0.7
Phoneme,1,Perf-Weighted,0.9527436385667301,-0.08096976673739635,0.7
Phoneme,1,Individual-Only,0.9527436385667301,-0.08096976673739635,0.7
Phoneme,1,Interaction-Only,0.8744776082494622,-0.13155170342392017,0.7
Phoneme,1,Coopetitive-0.5,0.9591030111196287,-0.0715285017237195,0.7
Phoneme,1,Coopetitive-CV,0.9595398831161338,-0.07072795146663563,0.7
Phoneme,1,Shapley,0.9541737761401947,-0.079025734616828,0.7
Phoneme,1,Shapley+SII,0.8817230890971586,-0.12825556788896522,0.7
Phoneme,1,Best-Single,0.9586805641418763,-0.07308966234967622,0.7
Phoneme,1,Stacking,0.9606650345788307,-0.06732680787568446,
Phoneme,2,Equal,0.9439608898871951,-0.08813635411977276,0.0
Phoneme,2,Perf-Weighted,0.9453317257667597,-0.0861505210551074,0.0
Phoneme,2,Individual-Only,0.9453317257667597,-0.0861505210551074,0.0
Phoneme,2,Interaction-Only,0.8879093927031894,-0.12607224410206755,0.0
Phoneme,2,Coopetitive-0.5,0.9493946851206501,-0.08008717564838978,0.0
Phoneme,2,Coopetitive-CV,0.9487381703470031,-0.08077810391206963,0.0
Phoneme,2,Shapley,0.9462566270830924,-0.08491020465493745,0.0
Phoneme,2,Shapley+SII,0.892125125935224,-0.12409147746381448,0.0
Phoneme,2,Best-Single,0.9520847440831091,-0.07753397317298796,0.0
Phoneme,2,Stacking,0.9486514608485969,-0.07792194147558615,
Phoneme,3,Equal,0.9467149487175253,-0.08607049389982341,0.7
Phoneme,3,Perf-Weighted,0.9486638479197979,-0.08370907460750523,0.7
Phoneme,3,Individual-Only,0.9486638479197979,-0.08370907460750523,0.7
Phoneme,3,Interaction-Only,0.8887764876872513,-0.12512564011980623,0.7
Phoneme,3,Coopetitive-0.5,0.9536723537086891,-0.07716195289940221,0.7
Phoneme,3,Coopetitive-CV,0.9538127405156324,-0.07720237802544064,0.7
Phoneme,3,Shapley,0.950051199894297,-0.08209625322244642,0.7
Phoneme,3,Shapley+SII,0.9125885675590863,-0.11232276939107423,0.7
Phoneme,3,Best-Single,0.9543123523874015,-0.07553811285846439,0.7
Phoneme,3,Stacking,0.9536929988273573,-0.079154779749908,
Phoneme,4,Equal,0.9521611310221811,-0.08120662386136525,0.5
Phoneme,4,Perf-Weighted,0.9540646109633838,-0.07856262549006107,0.5
Phoneme,4,Individual-Only,0.9540646109633838,-0.07856262549006107,0.5
Phoneme,4,Interaction-Only,0.8852874626323352,-0.12627446464599668,0.5
Phoneme,4,Coopetitive-0.5,0.9608362098865345,-0.06955226504403421,0.5
Phoneme,4,Coopetitive-CV,0.9608362098865345,-0.06955226504403421,0.5
Phoneme,4,Shapley,0.9553900275818786,-0.07670879504576965,0.5
Phoneme,4,Shapley+SII,0.9075429005565924,-0.11612002264690088,0.5
Phoneme,4,Best-Single,0.9639969775546269,-0.06827423681776133,0.5
Phoneme,4,Stacking,0.9621203362676928,-0.06529998065670671,
