dataset,seed,lambda,auc_roc,neg_brier
Breast Cancer,0,0.0,0.9977071732721913,-0.020250182101268135
Breast Cancer,0,0.1,0.9977071732721913,-0.020034477699694055
Breast Cancer,0,0.2,0.9977071732721913,-0.01980720011480735
Breast Cancer,0,0.3,0.9977071732721913,-0.01957448853140847
Breast Cancer,0,0.4,0.9977071732721913,-0.01934649352995635
Breast Cancer,0,0.5,0.9977071732721913,-0.019138423110692252
Breast Cancer,0,0.6,0.9977071732721913,-0.018971118934252174
Breast Cancer,0,0.7,0.9977071732721913,-0.018870588723812438
Breast Cancer,0,0.8,0.99737962659679,-0.018865928007217234
Breast Cancer,0,0.9,0.99737962659679,-0.018985302997707853
Breast Cancer,0,1.0,0.99737962659679,-0.019250062115021747
Breast Cancer,0,1.1,0.9967245332459875,-0.019667703491407618
Breast Cancer,0,1.2,0.9967245332459875,-0.02022581329729805
Breast Cancer,0,1.3,0.9963969865705863,-0.020890701553472626
Breast Cancer,0,1.4,0.996069439895185,-0.021613638745524126
Breast Cancer,0,1.5,0.9954143465443825,-0.02234295167597386
Breast Cancer,0,1.6,0.9954143465443825,-0.023035855489660414
Breast Cancer,0,1.7,0.9950867998689813,-0.023664702161355175
Breast Cancer,0,1.8,0.99475925319358,-0.024216898252646793
Breast Cancer,0,1.9,0.99475925319358,-0.02469113129256718
Breast Cancer,0,2.0,0.99475925319358,-0.02509284912690876
Breast Cancer,1,0.0,1.0,-0.00560781522470186
Breast Cancer,1,0.1,1.0,-0.005818892494590363
Breast Cancer,1,0.2,1.0,-0.006093105217546151
Breast Cancer,1,0.3,1.0,-0.006459507901365689
Breast Cancer,1,0.4,1.0,-0.006966740205630233
Breast Cancer,1,0.5,1.0,-0.007703287585934519
Breast Cancer,1,0.6,1.0,-0.008833751778035972
Breast Cancer,1,0.7,1.0,-0.010554087730669128
Breast Cancer,1,0.8,1.0,-0.012653512950996785
Breast Cancer,1,0.9,1.0,-0.014328353703561886
Breast Cancer,1,1.0,1.0,-0.015184160782715471
Breast Cancer,1,1.1,1.0,-0.0154497224999121
Breast Cancer,1,1.2,1.0,-0.015428398138369503
Breast Cancer,1,1.3,1.0,-0.015298968531837733
Breast Cancer,1,1.4,1.0,-0.015142883538356949
Breast Cancer,1,1.5,1.0,-0.014992158581586182
Breast Cancer,1,1.6,1.0,-0.014857252406752267
Breast Cancer,1,1.7,1.0,-0.014740004924864212
Breast Cancer,1,1.8,1.0,-0.014639136587281377
Breast Cancer,1,1.9,1.0,-0.014552472377980675
Breast Cancer,1,2.0,1.0,-0.014477791651733175
Breast Cancer,2,0.0,0.9990173599737963,-0.019987812238056547
Breast Cancer,2,0.1,0.9990173599737963,-0.020145829779221473
Breast Cancer,2,0.2,0.9990173599737963,-0.020361007381221614
Breast Cancer,2,0.3,0.998689813298395,-0.020666086979281375
Breast Cancer,2,0.4,0.9983622666229938,-0.021117042313849112
Breast Cancer,2,0.5,0.9980347199475926,-0.021799288446431322
Breast Cancer,2,0.6,0.9977071732721913,-0.02275933946547434
Breast Cancer,2,0.7,0.9977071732721913,-0.02359129072240444
Breast Cancer,2,0.8,0.9980347199475926,-0.023242145999108905
Breast Cancer,2,0.9,0.9983622666229938,-0.022973577600669173
Breast Cancer,2,1.0,0.998689813298395,-0.023474313230830678
Breast Cancer,2,1.1,0.998689813298395,-0.023844863962292677
Breast Cancer,2,1.2,0.998689813298395,-0.024031645865474547
Breast Cancer,2,1.3,0.998689813298395,-0.024121134873219763
Breast Cancer,2,1.4,0.998689813298395,-0.024163027274181716
Breast Cancer,2,1.5,0.998689813298395,-0.024181110138363052
Breast Cancer,2,1.6,0.998689813298395,-0.02418689776490255
Breast Cancer,2,1.7,0.998689813298395,-0.024186200978985835
Breast Cancer,2,1.8,0.998689813298395,-0.02418207710498284
Breast Cancer,2,1.9,0.998689813298395,-0.0241761912143646
Breast Cancer,2,2.0,0.998689813298395,-0.024169473521055557
Breast Cancer,3,0.0,0.9983622666229938,-0.015312620097497936
Breast Cancer,3,0.1,0.9983622666229938,-0.015352189379857039
Breast Cancer,3,0.2,0.9983622666229938,-0.015394172754024986
Breast Cancer,3,0.3,0.9983622666229938,-0.015438076136995226
Breast Cancer,3,0.4,0.9983622666229938,-0.015482867201735237
Breast Cancer,3,0.5,0.9983622666229938,-0.015526632037383326
Breast Cancer,3,0.6,0.9983622666229938,-0.015566093768223531
Breast Cancer,3,0.7,0.9983622666229938,-0.015596130685686807
Breast Cancer,3,0.8,0.998689813298395,-0.015610100266648932
Breast Cancer,3,0.9,0.9983622666229938,-0.015604189269198024
Breast Cancer,3,1.0,0.9983622666229938,-0.015595055381009318
Breast Cancer,3,1.1,0.9980347199475925,-0.015657744971825715
Breast Cancer,3,1.2,0.9980347199475925,-0.01591638097729502
Breast Cancer,3,1.3,0.99737962659679,-0.016375549199570648
Breast Cancer,3,1.4,0.99737962659679,-0.016862884060263036
Breast Cancer,3,1.5,0.99737962659679,-0.017242584142692065
Breast Cancer,3,1.6,0.99737962659679,-0.017494818857742966
Breast Cancer,3,1.7,0.99737962659679,-0.01764943141361207
Breast Cancer,3,1.8,0.99737962659679,-0.017739173576579566
Breast Cancer,3,1.9,0.99737962659679,-0.01778788425188661
Breast Cancer,3,2.0,0.99737962659679,-0.01781103952270032
Breast Cancer,4,0.0,0.9868981329839502,-0.033391082660241635
Breast Cancer,4,0.1,0.986570586308549,-0.033652003385380776
Breast Cancer,4,0.2,0.986570586308549,-0.0340020667661773
Breast Cancer,4,0.3,0.986570586308549,-0.03449112494222843
Breast Cancer,4,0.4,0.9862430396331477,-0.03520620878227788
Breast Cancer,4,0.5,0.9855879462823453,-0.036289232862854404
Breast Cancer,4,0.6,0.9849328529315428,-0.03783006908354222
Breast Cancer,4,0.7,0.9846053062561415,-0.038717100240268
Breast Cancer,4,0.8,0.9882083196855552,-0.03479442423373562
Breast Cancer,4,0.9,0.9905011464133638,-0.031062559096817252
Breast Cancer,4,1.0,0.9914837864395676,-0.03000711359387335
Breast Cancer,4,1.1,0.9918113331149688,-0.02963133243897659
Breast Cancer,4,1.2,0.9918113331149688,-0.02944432441107353
Breast Cancer,4,1.3,0.9924664264657713,-0.029331225349945846
Breast Cancer,4,1.4,0.9924664264657713,-0.029254667896236607
Breast Cancer,4,1.5,0.9924664264657713,-0.02919904410514883
Breast Cancer,4,1.6,0.9924664264657713,-0.02915663451261802
Breast Cancer,4,1.7,0.9924664264657713,-0.0291231500318542
Breast Cancer,4,1.8,0.9927939731411726,-0.029096000419888916
Breast Cancer,4,1.9,0.9927939731411726,-0.029073521120013025
Breast Cancer,4,2.0,0.9927939731411726,-0.02905458988082579
Heart Disease,0,0.0,0.9,-0.13325801982249488
Heart Disease,0,0.1,0.9,-0.13321082484693397
Heart Disease,0,0.2,0.9,-0.13315277880030796
Heart Disease,0,0.3,0.9,-0.1330799834268619
Heart Disease,0,0.4,0.9,-0.13298657527044316
Heart Disease,0,0.5,0.9,-0.1328634159215366
Heart Disease,0,0.6,0.9,-0.1326956768557136
Heart Disease,0,0.7,0.9013888888888889,-0.13245818854195404
Heart Disease,0,0.8,0.9041666666666667,-0.13210611876301803
Heart Disease,0,0.9,0.9041666666666667,-0.13155581490838184
Heart Disease,0,1.0,0.9083333333333333,-0.13064595203142743
Heart Disease,0,1.1,0.9083333333333333,-0.12906481384095872
Heart Disease,0,1.2,0.9111111111111111,-0.12626912596594064
Heart Disease,0,1.3,0.9166666666666666,-0.12231647679831824
Heart Disease,0,1.4,0.9152777777777777,-0.12009770452682701
Heart Disease,0,1.5,0.9166666666666667,-0.12016263707195778
Heart Disease,0,1.6,0.9152777777777777,-0.120746312357074
Heart Disease,0,1.7,0.9138888888888889,-0.12127349428479815
Heart Disease,0,1.8,0.9138888888888889,-0.12169083908989586
Heart Disease,0,1.9,0.9138888888888889,-0.12202125131618893
Heart Disease,0,2.0,0.9138888888888889,-0.12228793176457443
Heart Disease,1,0.0,0.9222222222222222,-0.11231223762369849
Heart Disease,1,0.1,0.9208333333333334,-0.11186903961437861
Heart Disease,1,0.2,0.9222222222222223,-0.1114327619469301
Heart Disease,1,0.3,0.925,-0.11103757756365835
Heart Disease,1,0.4,0.9222222222222222,-0.1107176868694807
Heart Disease,1,0.5,0.9236111111111112,-0.11048945993202036
Heart Disease,1,0.6,0.925,-0.11033703230942059
Heart Disease,1,0.7,0.9222222222222223,-0.1102211376203915
Heart Disease,1,0.8,0.9222222222222223,-0.11011567248550665
Heart Disease,1,0.9,0.9222222222222222,-0.11004857695171097
Heart Disease,1,1.0,0.9180555555555556,-0.11010978959448586
Heart Disease,1,1.1,0.9152777777777777,-0.11040368591961938
Heart Disease,1,1.2,0.9166666666666666,-0.11097750074680049
Heart Disease,1,1.3,0.9138888888888889,-0.11179295351087405
Heart Disease,1,1.4,0.9152777777777777,-0.11275807432613291
Heart Disease,1,1.5,0.9125,-0.11377589776166477
Heart Disease,1,1.6,0.9111111111111111,-0.11477325764897757
Heart Disease,1,1.7,0.9083333333333333,-0.11570644178759427
Heart Disease,1,1.8,0.9069444444444444,-0.11655519840127457
Heart Disease,1,1.9,0.9069444444444444,-0.11731441776897104
Heart Disease,1,2.0,0.9083333333333333,-0.11798741227537583
Heart Disease,2,0.0,0.8972222222222221,-0.12840736813907286
Heart Disease,2,0.1,0.898611111111111,-0.12827969919854518
Heart Disease,2,0.2,0.898611111111111,-0.12813217794708606
Heart Disease,2,0.3,0.898611111111111,-0.12796056215455084
Heart Disease,2,0.4,0.898611111111111,-0.1277598302548632
Heart Disease,2,0.5,0.8972222222222223,-0.12752451211307889
Heart Disease,2,0.6,0.8958333333333334,-0.12724982723890196
Heart Disease,2,0.7,0.8958333333333334,-0.12693444243342478
Heart Disease,2,0.8,0.8958333333333334,-0.12658555186675505
Heart Disease,2,0.9,0.8958333333333334,-0.1262256254766477
Heart Disease,2,1.0,0.8958333333333334,-0.12590317416653485
Heart Disease,2,1.1,0.8944444444444444,-0.1257385887278539
Heart Disease,2,1.2,0.8902777777777777,-0.1260333959431085
Heart Disease,2,1.3,0.8916666666666666,-0.12720388415714667
Heart Disease,2,1.4,0.8958333333333334,-0.1293141068611928
Heart Disease,2,1.5,0.8930555555555555,-0.1319232769168001
Heart Disease,2,1.6,0.8986111111111111,-0.13452454522971838
Heart Disease,2,1.7,0.8986111111111111,-0.1368392557363322
Heart Disease,2,1.8,0.8944444444444445,-0.13879080671717545
Heart Disease,2,1.9,0.8944444444444445,-0.1404011030476809
Heart Disease,2,2.0,0.8958333333333334,-0.14172341086893792
Heart Disease,3,0.0,0.9347222222222222,-0.10144836049357905
Heart Disease,3,0.1,0.9333333333333333,-0.10178450299682452
Heart Disease,3,0.2,0.9347222222222222,-0.10217025849051245
Heart Disease,3,0.3,0.9347222222222222,-0.10261394116498394
Heart Disease,3,0.4,0.9347222222222222,-0.10312449009099256
Heart Disease,3,0.5,0.9361111111111111,-0.10371066037916075
Heart Disease,3,0.6,0.9361111111111111,-0.10437939069796434
Heart Disease,3,0.7,0.9361111111111111,-0.10513289446752419
Heart Disease,3,0.8,0.9333333333333333,-0.10596404164650323
Heart Disease,3,0.9,0.9319444444444445,-0.10684999867989034
Heart Disease,3,1.0,0.9291666666666667,-0.10774519255804033
Heart Disease,3,1.1,0.9291666666666667,-0.10857644254110746
Heart Disease,3,1.2,0.9277777777777778,-0.10924449003452713
Heart Disease,3,1.3,0.9277777777777778,-0.10963517514185142
Heart Disease,3,1.4,0.9291666666666667,-0.10964003459680095
Heart Disease,3,1.5,0.9277777777777778,-0.1091841642518238
Heart Disease,3,1.6,0.9291666666666667,-0.10825978169098313
Heart Disease,3,1.7,0.9305555555555556,-0.10695586777571923
Heart Disease,3,1.8,0.9333333333333333,-0.10545557785087781
Heart Disease,3,1.9,0.9305555555555556,-0.10397990644553279
Heart Disease,3,2.0,0.9347222222222222,-0.1027065200273804
Heart Disease,4,0.0,0.8916666666666666,-0.13367299417039208
Heart Disease,4,0.1,0.8916666666666666,-0.13360431519561158
Heart Disease,4,0.2,0.8930555555555555,-0.13352222486833448
Heart Disease,4,0.3,0.8944444444444444,-0.1334226284150042
Heart Disease,4,0.4,0.8944444444444444,-0.13329979283347115
Heart Disease,4,0.5,0.8944444444444444,-0.13314572996507956
Heart Disease,4,0.6,0.8930555555555555,-0.13294994364650103
Heart Disease,4,0.7,0.8916666666666666,-0.1327023696958331
Heart Disease,4,0.8,0.8916666666666666,-0.13241516097657022
Heart Disease,4,0.9,0.8986111111111111,-0.13225431343104124
Heart Disease,4,1.0,0.8958333333333333,-0.13331511890988348
Heart Disease,4,1.1,0.8791666666666667,-0.14298858948059182
Heart Disease,4,1.2,0.8736111111111111,-0.1633531885420861
Heart Disease,4,1.3,0.8722222222222222,-0.17119870379006683
Heart Disease,4,1.4,0.8694444444444445,-0.17351200581269577
Heart Disease,4,1.5,0.8694444444444445,-0.1742974686263455
Heart Disease,4,1.6,0.8694444444444445,-0.17458396071915253
Heart Disease,4,1.7,0.8694444444444445,-0.17468094069388204
Heart Disease,4,1.8,0.8694444444444445,-0.1746987273866819
Heart Disease,4,1.9,0.8694444444444445,-0.17468186605844663
Heart Disease,4,2.0,0.8694444444444445,-0.17464998239060425
Pima Diabetes,0,0.0,0.82794694563796,-0.15948987886167068
Pima Diabetes,0,0.1,0.82794694563796,-0.15948297471301215
Pima Diabetes,0,0.2,0.8277601345040164,-0.15947520158214065
Pima Diabetes,0,0.3,0.8271997011021857,-0.15946645860820674
Pima Diabetes,0,0.4,0.8270128899682421,-0.15945669703972065
Pima Diabetes,0,0.5,0.8273865122361292,-0.15944603442114114
Pima Diabetes,0,0.6,0.8273865122361294,-0.15943505866475224
Pima Diabetes,0,0.7,0.8268260788342985,-0.15942567659979295
Pima Diabetes,0,0.8,0.8275733233700728,-0.15942364700586945
Pima Diabetes,0,0.9,0.8268260788342985,-0.1594465829174128
Pima Diabetes,0,1.0,0.8273865122361294,-0.15954533333684565
Pima Diabetes,0,1.1,0.8271997011021857,-0.159712954889704
Pima Diabetes,0,1.2,0.8161778441995143,-0.1617398183837103
Pima Diabetes,0,1.3,0.8031010648234636,-0.16662307148984065
Pima Diabetes,0,1.4,0.803287875957407,-0.16709489316136394
Pima Diabetes,0,1.5,0.8044087427610686,-0.16706090498924528
Pima Diabetes,0,1.6,0.8044087427610686,-0.16698481078040692
Pima Diabetes,0,1.7,0.8040351204931814,-0.16691774844405455
Pima Diabetes,0,1.8,0.8038483093592377,-0.16686376393205513
Pima Diabetes,0,1.9,0.8038483093592377,-0.16682060713141597
Pima Diabetes,0,2.0,0.8036614982252942,-0.16678572359868146
Pima Diabetes,1,0.0,0.7862962962962963,-0.1796777243553549
Pima Diabetes,1,0.1,0.7862962962962964,-0.17938155298577577
Pima Diabetes,1,0.2,0.7874074074074074,-0.17903654098835087
Pima Diabetes,1,0.3,0.7887037037037037,-0.17863383033108698
Pima Diabetes,1,0.4,0.7887037037037036,-0.17816571969308204
Pima Diabetes,1,0.5,0.7912962962962963,-0.1776302936956561
Pima Diabetes,1,0.6,0.7922222222222223,-0.1770406934486467
Pima Diabetes,1,0.7,0.793888888888889,-0.17643687448048628
Pima Diabetes,1,0.8,0.7955555555555556,-0.17588041895065468
Pima Diabetes,1,0.9,0.7983333333333333,-0.1754014112625887
Pima Diabetes,1,1.0,0.7966666666666667,-0.17499357221134307
Pima Diabetes,1,1.1,0.7948148148148149,-0.17493087468387442
Pima Diabetes,1,1.2,0.7933333333333333,-0.1758210015671844
Pima Diabetes,1,1.3,0.7855555555555556,-0.17758314220555912
Pima Diabetes,1,1.4,0.7814814814814816,-0.17948742487004016
Pima Diabetes,1,1.5,0.7787037037037037,-0.18108591368502708
Pima Diabetes,1,1.6,0.7775925925925925,-0.18230661907373155
Pima Diabetes,1,1.7,0.7772222222222221,-0.18321674322409973
Pima Diabetes,1,1.8,0.7748148148148147,-0.18389888846299304
Pima Diabetes,1,1.9,0.7753703703703703,-0.18441853354401688
Pima Diabetes,1,2.0,0.7748148148148148,-0.18482215652614692
Pima Diabetes,2,0.0,0.8350457687278162,-0.15929534208311713
Pima Diabetes,2,0.1,0.8348589575938725,-0.15932046815749923
Pima Diabetes,2,0.2,0.8348589575938725,-0.1593487091354056
Pima Diabetes,2,0.3,0.8344853353259853,-0.15938048781439132
Pima Diabetes,2,0.4,0.834672146459929,-0.1594161539850967
Pima Diabetes,2,0.5,0.8342985241920419,-0.15945575732072553
Pima Diabetes,2,0.6,0.8337380907902111,-0.15949846053570835
Pima Diabetes,2,0.7,0.8337380907902111,-0.15954098585862495
Pima Diabetes,2,0.8,0.8335512796562675,-0.15957327905544066
Pima Diabetes,2,0.9,0.8331776573883803,-0.15956548158070402
Pima Diabetes,2,1.0,0.8329908462544368,-0.15942570943267664
Pima Diabetes,2,1.1,0.8326172239865496,-0.15886613345158573
Pima Diabetes,2,1.2,0.8372875023351392,-0.1572913069105982
Pima Diabetes,2,1.3,0.8387819914066879,-0.15619481003150454
Pima Diabetes,2,1.4,0.8402764804782366,-0.15681292632921784
Pima Diabetes,2,1.5,0.8406501027461237,-0.15648972194009328
Pima Diabetes,2,1.6,0.8436390808892211,-0.15601228096049763
Pima Diabetes,2,1.7,0.8441995142910518,-0.15572767943767277
Pima Diabetes,2,1.8,0.8443863254249953,-0.155592980980237
Pima Diabetes,2,1.9,0.8432654586213338,-0.15554169206985538
Pima Diabetes,2,2.0,0.8432654586213338,-0.1555334685270008
Pima Diabetes,3,0.0,0.8522323930506258,-0.14883330920022642
Pima Diabetes,3,0.1,0.8520455819166823,-0.1487557424062601
Pima Diabetes,3,0.2,0.852606015318513,-0.14866744223079473
Pima Diabetes,3,0.3,0.8522323930506259,-0.14856669224854965
Pima Diabetes,3,0.4,0.8520455819166822,-0.1484519224758129
Pima Diabetes,3,0.5,0.8529796375864002,-0.14832248637398382
Pima Diabetes,3,0.6,0.8526060153185131,-0.14818065701680683
Pima Diabetes,3,0.7,0.8527928264524566,-0.14803644781615172
Pima Diabetes,3,0.8,0.8541005043900617,-0.1479177059885882
Pima Diabetes,3,0.9,0.8546609377918923,-0.14788045207063483
Pima Diabetes,3,1.0,0.852606015318513,-0.14795417148347717
Pima Diabetes,3,1.1,0.8522323930506258,-0.14793322252855057
Pima Diabetes,3,1.2,0.8479357369699234,-0.14858271139157872
Pima Diabetes,3,1.3,0.8436390808892209,-0.1514409744557884
Pima Diabetes,3,1.4,0.839155613674575,-0.1537404580413632
Pima Diabetes,3,1.5,0.8374743134690827,-0.1549509425469531
Pima Diabetes,3,1.6,0.8365402577993648,-0.1555934655885526
Pima Diabetes,3,1.7,0.8361666355314776,-0.15596373166455135
Pima Diabetes,3,1.8,0.8356062021296469,-0.15619460722103742
Pima Diabetes,3,1.9,0.8354193909957033,-0.1563481902661186
Pima Diabetes,3,2.0,0.8348589575938725,-0.15645578698291804
Pima Diabetes,4,0.0,0.825705212030637,-0.1624152258838714
Pima Diabetes,4,0.1,0.825705212030637,-0.16246469404665237
Pima Diabetes,4,0.2,0.8257052120306371,-0.16252590121123908
Pima Diabetes,4,0.3,0.8253315897627499,-0.16260263093751273
Pima Diabetes,4,0.4,0.8247711563609191,-0.16269974718333105
Pima Diabetes,4,0.5,0.8242107229590883,-0.16282244676236982
Pima Diabetes,4,0.6,0.8240239118251448,-0.16297189894951644
Pima Diabetes,4,0.7,0.8232766672893704,-0.16312720441133938
Pima Diabetes,4,0.8,0.8215953670838783,-0.16319026548442933
Pima Diabetes,4,0.9,0.8204745002802168,-0.1631066533977276
Pima Diabetes,4,1.0,0.8100130767793761,-0.165507805026791
Pima Diabetes,4,1.1,0.7984307864748741,-0.1710516393787697
Pima Diabetes,4,1.2,0.7967494862693816,-0.17368551108606436
Pima Diabetes,4,1.3,0.7960022417336073,-0.17444509009866158
Pima Diabetes,4,1.4,0.7956286194657203,-0.1745798897673558
Pima Diabetes,4,1.5,0.7950681860638895,-0.17451790810750492
Pima Diabetes,4,1.6,0.795254997197833,-0.17439865649328293
Pima Diabetes,4,1.7,0.7952549971978331,-0.1742695642552942
Pima Diabetes,4,1.8,0.795254997197833,-0.1741467904004151
Pima Diabetes,4,1.9,0.7950681860638894,-0.1740352285926033
Pima Diabetes,4,2.0,0.795254997197833,-0.17393560512620485
Ionosphere,0,0.0,0.9786324786324786,-0.05347446079534209
Ionosphere,0,0.1,0.9786324786324786,-0.05349342621148245
Ionosphere,0,0.2,0.9786324786324786,-0.0535196009387123
Ionosphere,0,0.3,0.9794871794871794,-0.05355793010619748
Ionosphere,0,0.4,0.9794871794871794,-0.05361902498780133
Ionosphere,0,0.5,0.9794871794871794,-0.05372996730569838
Ionosphere,0,0.6,0.9803418803418803,-0.053981457319834926
Ionosphere,0,0.7,0.9794871794871794,-0.054873891205561895
Ionosphere,0,0.8,0.976068376068376,-0.07761520712275849
Ionosphere,0,0.9,0.9692307692307692,-0.09656238467662852
Ionosphere,0,1.0,0.9692307692307692,-0.09454104549794395
Ionosphere,0,1.1,0.9675213675213675,-0.09314437557865622
Ionosphere,0,1.2,0.9666666666666667,-0.09230348984287008
Ionosphere,0,1.3,0.9658119658119658,-0.09175724500831928
Ionosphere,0,1.4,0.9658119658119658,-0.09137727037472071
Ionosphere,0,1.5,0.9658119658119658,-0.0910987362317761
Ionosphere,0,1.6,0.9658119658119658,-0.09088620895458822
Ionosphere,0,1.7,0.9658119658119658,-0.09071888850884957
Ionosphere,0,1.8,0.9658119658119658,-0.0905838240671215
Ionosphere,0,1.9,0.9658119658119658,-0.0904725538125349
Ionosphere,0,2.0,0.9666666666666666,-0.09037932465882613
Ionosphere,1,0.0,0.9658119658119658,-0.06038017884864142
Ionosphere,1,0.1,0.9641025641025641,-0.061139574970409935
Ionosphere,1,0.2,0.964957264957265,-0.062356245150236675
Ionosphere,1,0.3,0.9658119658119658,-0.0644569626803514
Ionosphere,1,0.4,0.9666666666666667,-0.06836273072481015
Ionosphere,1,0.5,0.9606837606837606,-0.07577176303060147
Ionosphere,1,0.6,0.9529914529914529,-0.08754788305434243
Ionosphere,1,0.7,0.9427350427350427,-0.09850527329430954
Ionosphere,1,0.8,0.9376068376068376,-0.10260239516721265
Ionosphere,1,0.9,0.941025641025641,-0.1020712560499901
Ionosphere,1,1.0,0.9452991452991453,-0.10092486790016235
Ionosphere,1,1.1,0.9495726495726495,-0.1004924989362925
Ionosphere,1,1.2,0.9538461538461538,-0.10061968948350421
Ionosphere,1,1.3,0.9555555555555555,-0.10099346169598478
Ionosphere,1,1.4,0.9572649572649573,-0.10143495183473553
Ionosphere,1,1.5,0.9581196581196582,-0.10186648323551431
Ionosphere,1,1.6,0.958119658119658,-0.10226010335094524
Ionosphere,1,1.7,0.958119658119658,-0.10260920111650794
Ionosphere,1,1.8,0.9589743589743589,-0.10291553727719821
Ionosphere,1,1.9,0.9589743589743589,-0.10318369400718022
Ionosphere,1,2.0,0.9589743589743589,-0.10341880063993465
Ionosphere,2,0.0,0.9871794871794871,-0.04919680784312671
Ionosphere,2,0.1,0.9871794871794871,-0.04906177556971043
Ionosphere,2,0.2,0.9871794871794871,-0.04888830372216227
Ionosphere,2,0.3,0.9871794871794871,-0.04865743959762019
Ionosphere,2,0.4,0.9871794871794871,-0.048335565226258065
Ionosphere,2,0.5,0.9871794871794871,-0.04785738012526169
Ionosphere,2,0.6,0.9888888888888888,-0.04708057315824279
Ionosphere,2,0.7,0.9888888888888888,-0.045662972157969425
Ionosphere,2,0.8,0.9897435897435897,-0.043603950207234586
Ionosphere,2,0.9,0.9700854700854701,-0.06046736449566081
Ionosphere,2,1.0,0.9555555555555556,-0.06666761865505463
Ionosphere,2,1.1,0.9547008547008548,-0.06753829913340341
Ionosphere,2,1.2,0.9547008547008548,-0.06779732630509222
Ionosphere,2,1.3,0.9547008547008548,-0.06790901644147572
Ionosphere,2,1.4,0.9547008547008548,-0.06796821573548201
Ionosphere,2,1.5,0.9547008547008548,-0.0680039312279612
Ionosphere,2,1.6,0.9547008547008548,-0.06802746150152215
Ionosphere,2,1.7,0.9547008547008548,-0.06804397716119832
Ionosphere,2,1.8,0.9547008547008548,-0.06805613324789402
Ionosphere,2,1.9,0.9547008547008548,-0.0680654160664408
Ionosphere,2,2.0,0.9547008547008548,-0.0680727154218831
Ionosphere,3,0.0,0.9974358974358974,-0.0321899979515878
Ionosphere,3,0.1,0.9974358974358974,-0.03209922477029486
Ionosphere,3,0.2,0.9974358974358974,-0.03198215956001665
Ionosphere,3,0.3,0.9974358974358974,-0.03182868185954389
Ionosphere,3,0.4,0.9974358974358974,-0.03162678935888844
Ionosphere,3,0.5,0.9974358974358974,-0.03137282847797507
Ionosphere,3,0.6,0.9965811965811966,-0.031126800767233478
Ionosphere,3,0.7,0.9965811965811966,-0.031326550982950375
Ionosphere,3,0.8,0.9957264957264957,-0.03581859275377461
Ionosphere,3,0.9,0.9871794871794872,-0.053101717341318425
Ionosphere,3,1.0,0.976068376068376,-0.06500044002769854
Ionosphere,3,1.1,0.9735042735042735,-0.06877382529496474
Ionosphere,3,1.2,0.9735042735042735,-0.06970439678391703
Ionosphere,3,1.3,0.9735042735042735,-0.06974153461298234
Ionosphere,3,1.4,0.9752136752136752,-0.06949643413685241
Ionosphere,3,1.5,0.9752136752136752,-0.06917401092308201
Ionosphere,3,1.6,0.9752136752136752,-0.06884662071000094
Ionosphere,3,1.7,0.9752136752136752,-0.06853946402025173
Ionosphere,3,1.8,0.9752136752136752,-0.06825994754422181
Ionosphere,3,1.9,0.976068376068376,-0.0680086255765816
Ionosphere,3,2.0,0.9769230769230769,-0.0677835174322907
Ionosphere,4,0.0,0.9803418803418803,-0.05324930033507432
Ionosphere,4,0.1,0.9803418803418803,-0.05289879940086891
Ionosphere,4,0.2,0.9803418803418803,-0.05244877697217175
Ionosphere,4,0.3,0.9803418803418803,-0.05185597133887404
Ionosphere,4,0.4,0.9803418803418803,-0.05105910845268596
Ionosphere,4,0.5,0.9794871794871794,-0.05001096598251749
Ionosphere,4,0.6,0.9803418803418804,-0.049058224009605654
Ionosphere,4,0.7,0.976923076923077,-0.05302824608903681
Ionosphere,4,0.8,0.9709401709401709,-0.06977385346174203
Ionosphere,4,0.9,0.9683760683760684,-0.07897582476240315
Ionosphere,4,1.0,0.9683760683760684,-0.08324170307519198
Ionosphere,4,1.1,0.9692307692307692,-0.08557876288132285
Ionosphere,4,1.2,0.9683760683760684,-0.08701441357855588
Ionosphere,4,1.3,0.9683760683760684,-0.08797288157599803
Ionosphere,4,1.4,0.9692307692307692,-0.08865336532149005
Ionosphere,4,1.5,0.9700854700854701,-0.08915946384243187
Ionosphere,4,1.6,0.9700854700854701,-0.08954965515603525
Ionosphere,4,1.7,0.9700854700854701,-0.08985918840758483
Ionosphere,4,1.8,0.9717948717948718,-0.0901104714284203
Ionosphere,4,1.9,0.9717948717948718,-0.09031838435304167
Ionosphere,4,2.0,0.9717948717948718,-0.0904931739761578
German Credit,0,0.0,0.8369047619047619,-0.14437197497771248
German Credit,0,0.1,0.8376190476190477,-0.14388912078669563
German Credit,0,0.2,0.838452380952381,-0.1433771580530854
German Credit,0,0.3,0.839404761904762,-0.1428477398021295
German Credit,0,0.4,0.8408333333333333,-0.1423219867949146
German Credit,0,0.5,0.8416666666666667,-0.14183351820355747
German Credit,0,0.6,0.8408333333333333,-0.1414291142466538
German Credit,0,0.7,0.8417857142857142,-0.14116257320937592
German Credit,0,0.8,0.8422619047619048,-0.14107689244997212
German Credit,0,0.9,0.8416666666666667,-0.14117704038214993
German Credit,0,1.0,0.8410714285714286,-0.14141346811967062
German Credit,0,1.1,0.8410714285714286,-0.14170885456704613
German Credit,0,1.2,0.8402380952380952,-0.14203725074199267
German Credit,0,1.3,0.8378571428571429,-0.14251102510650238
German Credit,0,1.4,0.8342857142857143,-0.14338610818785438
German Credit,0,1.5,0.8279761904761905,-0.1449143484676491
German Credit,0,1.6,0.8230952380952381,-0.14713648909392305
German Credit,0,1.7,0.8188095238095239,-0.14984005617270454
German Credit,0,1.8,0.8127380952380953,-0.15271019550156864
German Credit,0,1.9,0.8052380952380953,-0.15548739049699054
German Credit,0,2.0,0.7982142857142857,-0.15802292183440142
German Credit,1,0.0,0.7902380952380952,-0.16103419094832858
German Credit,1,0.1,0.7898809523809524,-0.16104447447315232
German Credit,1,0.2,0.7891666666666667,-0.1610743859658882
German Credit,1,0.3,0.7876190476190477,-0.16114817080687824
German Credit,1,0.4,0.7861904761904762,-0.16132617836868454
German Credit,1,0.5,0.7855952380952381,-0.16177087548750052
German Credit,1,0.6,0.7842857142857143,-0.16293906692899193
German Credit,1,0.7,0.7796428571428571,-0.16595622648918285
German Credit,1,0.8,0.7732142857142856,-0.17185530454110926
German Credit,1,0.9,0.768452380952381,-0.17710339347764864
German Credit,1,1.0,0.7685714285714287,-0.1768445235694476
German Credit,1,1.1,0.770952380952381,-0.17299305872911042
German Credit,1,1.2,0.7727380952380952,-0.1692313412699761
German Credit,1,1.3,0.7728571428571428,-0.16677585314494997
German Credit,1,1.4,0.7736904761904762,-0.16536418547196266
German Credit,1,1.5,0.7739285714285714,-0.1645701179207149
German Credit,1,1.6,0.7733333333333333,-0.16411713607411238
German Credit,1,1.7,0.7741666666666666,-0.16385312676065658
German Credit,1,1.8,0.7753571428571429,-0.16369656342888966
German Credit,1,1.9,0.776547619047619,-0.1636030075701303
German Credit,1,2.0,0.7767857142857144,-0.16354749647437428
German Credit,2,0.0,0.785952380952381,-0.16624573350297162
German Credit,2,0.1,0.7860714285714285,-0.1662449815161572
German Credit,2,0.2,0.7861904761904763,-0.1662538949998593
German Credit,2,0.3,0.7857142857142857,-0.16628306649234845
German Credit,2,0.4,0.7851190476190476,-0.16635678863415707
German Credit,2,0.5,0.7846428571428572,-0.16653712672520343
German Credit,2,0.6,0.7839285714285714,-0.16700684379987416
German Credit,2,0.7,0.7786904761904763,-0.1683857878187262
German Credit,2,0.8,0.7680952380952379,-0.17255141972500723
German Credit,2,0.9,0.741904761904762,-0.18057472962755924
German Credit,2,1.0,0.7273809523809525,-0.18717279874862236
German Credit,2,1.1,0.7203571428571428,-0.1901394400323668
German Credit,2,1.2,0.7176190476190477,-0.19115045621303792
German Credit,2,1.3,0.7167857142857144,-0.1913681413184427
German Credit,2,1.4,0.7160714285714286,-0.19128003271323257
German Credit,2,1.5,0.7165476190476191,-0.19108079564504393
German Credit,2,1.6,0.7169047619047619,-0.19084963405084848
German Credit,2,1.7,0.7173809523809525,-0.19061901957913222
German Credit,2,1.8,0.7172619047619049,-0.19040175495215705
German Credit,2,1.9,0.7175,-0.19020213611896353
German Credit,2,2.0,0.7178571428571429,-0.19002076356218572
German Credit,3,0.0,0.794404761904762,-0.1642114593229986
German Credit,3,0.1,0.7945238095238096,-0.16422743429539227
German Credit,3,0.2,0.7942857142857143,-0.16424920056652134
German Credit,3,0.3,0.7941666666666668,-0.16427940292901114
German Credit,3,0.4,0.7938095238095239,-0.164322256683372
German Credit,3,0.5,0.7932142857142859,-0.16438474543676074
German Credit,3,0.6,0.7929761904761905,-0.16447897325730895
German Credit,3,0.7,0.7926190476190477,-0.1646270513312718
German Credit,3,0.8,0.7927380952380952,-0.16487188888476592
German Credit,3,0.9,0.7919047619047619,-0.1653024811081564
German Credit,3,1.0,0.7911904761904762,-0.16611530446407166
German Credit,3,1.1,0.7911904761904762,-0.16775242190720932
German Credit,3,1.2,0.7915476190476192,-0.17103763923079987
German Credit,3,1.3,0.7917857142857143,-0.17605240095452776
German Credit,3,1.4,0.7894047619047619,-0.17812001451390805
German Credit,3,1.5,0.7883333333333334,-0.1735248504999064
German Credit,3,1.6,0.7875000000000001,-0.17047034128535532
German Credit,3,1.7,0.7811904761904762,-0.17098197533519202
German Credit,3,1.8,0.7757142857142858,-0.17221505847110405
German Credit,3,1.9,0.7723809523809524,-0.17326030943949924
German Credit,3,2.0,0.7713095238095237,-0.1740420344035644
German Credit,4,0.0,0.8067857142857142,-0.15797565349053327
German Credit,4,0.1,0.8065476190476191,-0.15817878857865877
German Credit,4,0.2,0.8058333333333334,-0.15843823008263913
German Credit,4,0.3,0.8053571428571429,-0.15877462352991867
German Credit,4,0.4,0.8052380952380953,-0.1592175184044733
German Credit,4,0.5,0.8046428571428571,-0.15980894909158086
German Credit,4,0.6,0.8045238095238096,-0.1606067667453894
German Credit,4,0.7,0.8029761904761905,-0.16168290917490963
German Credit,4,0.8,0.8017857142857143,-0.16310054372295046
German Credit,4,0.9,0.8002380952380952,-0.16482752830901343
German Credit,4,1.0,0.8003571428571429,-0.1665133472071956
German Credit,4,1.1,0.8014285714285714,-0.1671487191760108
German Credit,4,1.2,0.8030952380952381,-0.1651955219864359
German Credit,4,1.3,0.805595238095238,-0.1609371392774928
German Credit,4,1.4,0.8058333333333334,-0.15861402218408524
German Credit,4,1.5,0.8051190476190476,-0.15947750084546938
German Credit,4,1.6,0.8013095238095239,-0.16115779496470836
German Credit,4,1.7,0.7986904761904763,-0.16253088213942785
German Credit,4,1.8,0.7958333333333335,-0.163499673020366
German Credit,4,1.9,0.7925000000000001,-0.16417429010566187
German Credit,4,2.0,0.7911904761904762,-0.16465453355875162
Adult Census,0,0.0,0.9203050154377214,-0.09149705818436629
Adult Census,0,0.1,0.9204166786100214,-0.09145230008968264
Adult Census,0,0.2,0.9205453214915116,-0.0914016888478353
Adult Census,0,0.3,0.9207057941329406,-0.0913450604575314
Adult Census,0,0.4,0.9208849156753106,-0.09128352382063377
Adult Census,0,0.5,0.9211096809783168,-0.09122156592840115
Adult Census,0,0.6,0.921365067316201,-0.09117198590119337
Adult Census,0,0.7,0.9216157914288499,-0.09116480907825435
Adult Census,0,0.8,0.9217482907188679,-0.09124224408750149
Adult Census,0,0.9,0.92139154415087,-0.09139971812585057
Adult Census,0,1.0,0.9169516667685449,-0.09382083661229862
Adult Census,0,1.1,0.9054069034777784,-0.10094526550874708
Adult Census,0,1.2,0.8990746231166482,-0.10446039831222921
Adult Census,0,1.3,0.8967058673471443,-0.10570660119765238
Adult Census,0,1.4,0.8957307715729507,-0.10621764690342615
Adult Census,0,1.5,0.895264836841111,-0.10646089793580618
Adult Census,0,1.6,0.8950202714704393,-0.10658996577665435
Adult Census,0,1.7,0.8948798866883569,-0.10666395398085955
Adult Census,0,1.8,0.8948009742093758,-0.10670879094400826
Adult Census,0,1.9,0.8947506106651683,-0.10673707098411717
Adult Census,0,2.0,0.8947175721801682,-0.10675541762163533
Adult Census,1,0.0,0.926525057043189,-0.08762725510484974
Adult Census,1,0.1,0.9266306190318482,-0.08756432308913278
Adult Census,1,0.2,0.926741015920751,-0.0874910990754586
Adult Census,1,0.3,0.9268807100027985,-0.08740565556633159
Adult Census,1,0.4,0.927043427419341,-0.08730636480927398
Adult Census,1,0.5,0.9272390106458748,-0.0871934108382613
Adult Census,1,0.6,0.9274699922491945,-0.08707317731379823
Adult Census,1,0.7,0.9277073628278365,-0.08696963876224426
Adult Census,1,0.8,0.9277932974238384,-0.08694683426464853
Adult Census,1,0.9,0.9272273263036186,-0.08721921141960645
Adult Census,1,1.0,0.9226797572741938,-0.09028801525280111
Adult Census,1,1.1,0.9115437157290471,-0.0974912885220888
Adult Census,1,1.2,0.9051327531222808,-0.10111446828914455
Adult Census,1,1.3,0.9025888473356074,-0.10247798329515362
Adult Census,1,1.4,0.9014955842971188,-0.10307323768070627
Adult Census,1,1.5,0.9009311672519774,-0.10337534699122691
Adult Census,1,1.6,0.9006143086109919,-0.10354676117281018
Adult Census,1,1.7,0.900420912601235,-0.10365229814384291
Adult Census,1,1.8,0.9002960685699367,-0.10372139335895797
Adult Census,1,1.9,0.9002079467571577,-0.10376883412463307
Adult Census,1,2.0,0.9001513093543002,-0.10380266113461603
Adult Census,2,0.0,0.9238849137183271,-0.0907251269168737
Adult Census,2,0.1,0.9239861588317684,-0.09066937994929938
Adult Census,2,0.2,0.9241177371884065,-0.09060457157274104
Adult Census,2,0.3,0.924274871446334,-0.0905288600895553
Adult Census,2,0.4,0.9244501941385124,-0.09044036522438617
Adult Census,2,0.5,0.924669088491222,-0.09033794988522978
Adult Census,2,0.6,0.9249107759450821,-0.09022352614371747
Adult Census,2,0.7,0.9251921786509454,-0.09010801207688296
Adult Census,2,0.8,0.9254130875454234,-0.09002490800124328
Adult Census,2,0.9,0.9251461895402919,-0.09014361026262106
Adult Census,2,1.0,0.9213443463151557,-0.09274338109795875
Adult Census,2,1.1,0.9097630334808784,-0.10012339092525693
Adult Census,2,1.2,0.9022330792593256,-0.10424890376074199
Adult Census,2,1.3,0.8993169437122065,-0.10575130776673702
Adult Census,2,1.4,0.8981242774270365,-0.10635372027195984
Adult Census,2,1.5,0.897583689533097,-0.10662946849658568
Adult Census,2,1.6,0.8973226049199254,-0.10676876950058947
Adult Census,2,1.7,0.8971918899383309,-0.10684400487164783
Adult Census,2,1.8,0.8971144739760919,-0.10688636373610372
Adult Census,2,1.9,0.8970785000159436,-0.10691068091366167
Adult Census,2,2.0,0.8970637650818669,-0.10692458134478246
Adult Census,3,0.0,0.919376599474216,-0.0934157242401934
Adult Census,3,0.1,0.9194839457712984,-0.09336411317084896
Adult Census,3,0.2,0.9196019979189208,-0.09330587658632312
Adult Census,3,0.3,0.9197371448924055,-0.09324039171685762
Adult Census,3,0.4,0.9199084385010474,-0.09316762577251975
Adult Census,3,0.5,0.9200964240271979,-0.09308913251202995
Adult Census,3,0.6,0.9203226282886099,-0.09301024905746742
Adult Census,3,0.7,0.9205304138824261,-0.09294440164327582
Adult Census,3,0.8,0.9206599201389597,-0.09291967920810099
Adult Census,3,0.9,0.9204658909875042,-0.09300625934924783
Adult Census,3,1.0,0.9186743877721228,-0.09385022186404869
Adult Census,3,1.1,0.9116622283433594,-0.09835119074850389
Adult Census,3,1.2,0.9023916524756589,-0.10384387567400709
Adult Census,3,1.3,0.8973449375543854,-0.10657973677723928
Adult Census,3,1.4,0.8950283871958489,-0.10778177784913916
Adult Census,3,1.5,0.8939276415736497,-0.10836617689717828
Adult Census,3,1.6,0.8933201708930025,-0.1086836169842297
Adult Census,3,1.7,0.8929667051501702,-0.10887208729366109
Adult Census,3,1.8,0.8927488468475128,-0.10899195022942858
Adult Census,3,1.9,0.8926126638239756,-0.10907238127448654
Adult Census,3,2.0,0.8925146995356998,-0.10912870284405529
Adult Census,4,0.0,0.9196655998804628,-0.09259669991255463
Adult Census,4,0.1,0.9197479083012818,-0.09255511534110533
Adult Census,4,0.2,0.9198528371482422,-0.09250693824585947
Adult Census,4,0.3,0.9199703137125023,-0.09245103573890444
Adult Census,4,0.4,0.920110525819576,-0.09238657185539614
Adult Census,4,0.5,0.9202833735032963,-0.09231406805721165
Adult Census,4,0.6,0.9204630706290285,-0.09223826924194864
Adult Census,4,0.7,0.9206804684649964,-0.09217420275459061
Adult Census,4,0.8,0.9208360486478453,-0.09214527665481138
Adult Census,4,0.9,0.9205982176025134,-0.0921568704548615
Adult Census,4,1.0,0.9159778372777485,-0.0949283758709488
Adult Census,4,1.1,0.9046832225162685,-0.10161642343653042
Adult Census,4,1.2,0.8993932660660569,-0.10433843948134448
Adult Census,4,1.3,0.8975651557488289,-0.10525115942492112
Adult Census,4,1.4,0.8968218473946621,-0.10562047529224536
Adult Census,4,1.5,0.8964758642355406,-0.10579568105570142
Adult Census,4,1.6,0.8962984118849215,-0.10588860647116542
Adult Census,4,1.7,0.896192216754564,-0.10594190911615106
Adult Census,4,1.8,0.8961366154017589,-0.10597424501779154
Adult Census,4,1.9,0.8961031164500688,-0.10599466725728425
Adult Census,4,2.0,0.8960845251074642,-0.10600793666732221
Australian Credit,0,0.0,0.9333617202469662,-0.10078288914262758
Australian Credit,0,0.1,0.9340004258037045,-0.10113309639885285
Australian Credit,0,0.2,0.9342133276559504,-0.1014850784705628
Australian Credit,0,0.3,0.935064935064935,-0.10182214695079077
Australian Credit,0,0.4,0.9357036406216733,-0.10212124426428533
Australian Credit,0,0.5,0.9359165424739195,-0.10235317926374626
Australian Credit,0,0.6,0.9369810517351501,-0.10248454117530982
Australian Credit,0,0.7,0.9365552480306578,-0.10248179796913617
Australian Credit,0,0.8,0.9369810517351501,-0.10231747749559485
Australian Credit,0,0.9,0.9378326591441345,-0.10197733453172371
Australian Credit,0,1.0,0.9378326591441346,-0.10146637070682392
Australian Credit,0,1.1,0.9388971684053651,-0.10081111613539277
Australian Credit,0,1.2,0.9393229721098573,-0.10005634825523485
Australian Credit,0,1.3,0.9393229721098573,-0.09925656332259275
Australian Credit,0,1.4,0.9399616776665957,-0.09846507519052383
Australian Credit,0,1.5,0.9397487758143496,-0.0977248004471579
Australian Credit,0,1.6,0.9397487758143496,-0.0970635875562572
Australian Credit,0,1.7,0.9403874813710879,-0.09649436246198753
Australian Credit,0,1.8,0.9406003832233341,-0.09601836874650678
Australian Credit,0,1.9,0.9410261869278262,-0.09562935537790612
Australian Credit,0,2.0,0.9406003832233341,-0.09531725144275674
Australian Credit,1,0.0,0.9174448217317487,-0.1079711040274833
Australian Credit,1,0.1,0.9178692699490661,-0.10795344775426008
Australian Credit,1,0.2,0.9178692699490663,-0.1079394447537607
Australian Credit,1,0.3,0.9182937181663837,-0.10793298786765226
Australian Credit,1,0.4,0.9187181663837012,-0.10794111557366252
Australian Credit,1,0.5,0.9199915110356537,-0.10797658878131322
Australian Credit,1,0.6,0.9204159592529711,-0.10806208922674618
Australian Credit,1,0.7,0.9202037351443124,-0.10823387883302624
Australian Credit,1,0.8,0.9204159592529711,-0.10852424344541463
Australian Credit,1,0.9,0.9210526315789473,-0.10881311307038216
Australian Credit,1,1.0,0.922113752122241,-0.10828687867293832
Australian Credit,1,1.1,0.9221137521222411,-0.10630299901551288
Australian Credit,1,1.2,0.9212648556876062,-0.10583277517900214
Australian Credit,1,1.3,0.9212648556876061,-0.10606446846240679
Australian Credit,1,1.4,0.9212648556876062,-0.10624792939421673
Australian Credit,1,1.5,0.9208404074702885,-0.10636772902157259
Australian Credit,1,1.6,0.920415959252971,-0.10644883014350685
Australian Credit,1,1.7,0.9195670628183362,-0.10650648023339708
Australian Credit,1,1.8,0.9195670628183362,-0.10654922052451328
Australian Credit,1,1.9,0.9195670628183361,-0.10658201483743704
Australian Credit,1,2.0,0.9195670628183361,-0.10660789289580427
Australian Credit,2,0.0,0.9301681924632743,-0.09636475393776482
Australian Credit,2,0.1,0.9301681924632743,-0.09641078747367787
Australian Credit,2,0.2,0.9303810943155204,-0.09644383626610167
Australian Credit,2,0.3,0.9305939961677666,-0.09644629652892894
Australian Credit,2,0.4,0.9305939961677667,-0.09638164151661215
Australian Credit,2,0.5,0.9310197998722588,-0.09617243662459726
Australian Credit,2,0.6,0.9316585054289973,-0.09565322145135456
Australian Credit,2,0.7,0.9316585054289972,-0.09449105837419869
Australian Credit,2,0.8,0.9337875239514583,-0.09221655052278681
Australian Credit,2,0.9,0.9382584628486269,-0.08915223546648483
Australian Credit,2,1.0,0.9388971684053651,-0.08770289952435945
Australian Credit,2,1.1,0.9393229721098574,-0.08836568689704541
Australian Credit,2,1.2,0.9380455609963806,-0.08922481864047982
Australian Credit,2,1.3,0.9371939535873962,-0.08979247969296321
Australian Credit,2,1.4,0.9371939535873962,-0.09020446813480074
Australian Credit,2,1.5,0.9380455609963807,-0.09054919240103453
Australian Credit,2,1.6,0.9376197572918884,-0.09085327106711232
Australian Credit,2,1.7,0.9367681498829039,-0.09112331618140092
Australian Credit,2,1.8,0.9367681498829039,-0.0913621947689577
Australian Credit,2,1.9,0.9367681498829041,-0.09157279526514607
Australian Credit,2,2.0,0.9371939535873962,-0.09175832040903543
Australian Credit,3,0.0,0.9171811794762614,-0.10820119456607398
Australian Credit,3,0.1,0.9169682776240153,-0.10816574861813359
Australian Credit,3,0.2,0.9169682776240153,-0.10812254078704167
Australian Credit,3,0.3,0.9167553757717692,-0.10806889943724869
Australian Credit,3,0.4,0.916542473919523,-0.10800085356084817
Australian Credit,3,0.5,0.9167553757717692,-0.10791229132303545
Australian Credit,3,0.6,0.9161166702150308,-0.10779342516469649
Australian Credit,3,0.7,0.916542473919523,-0.10762787630231405
Australian Credit,3,0.8,0.9171811794762615,-0.10738697997228235
Australian Credit,3,0.9,0.9176069831807537,-0.10701897306132141
Australian Credit,3,1.0,0.9178198850329998,-0.10643436358242633
Australian Credit,3,1.1,0.9195230998509687,-0.10554479077893734
Australian Credit,3,1.2,0.9216521183734299,-0.10476887515225881
Australian Credit,3,1.3,0.9227166276346604,-0.10559688966236538
Australian Credit,3,1.4,0.9239940387481371,-0.10664350348957533
Australian Credit,3,1.5,0.9246327443048755,-0.10740115586194161
Australian Credit,3,1.6,0.9235682350436448,-0.10845373880032456
Australian Credit,3,1.7,0.9239940387481371,-0.10947271309827716
Australian Credit,3,1.8,0.9244198424526293,-0.11029007567061512
Australian Credit,3,1.9,0.9233553331913987,-0.11091549967679382
Australian Credit,3,2.0,0.9229295294869065,-0.1113948429302664
Australian Credit,4,0.0,0.9476261443474557,-0.078359514443342
Australian Credit,4,0.1,0.9478390461997019,-0.07837953879836738
Australian Credit,4,0.2,0.9474132424952098,-0.07839533961518468
Australian Credit,4,0.3,0.9474132424952098,-0.07840849226937781
Australian Credit,4,0.4,0.9476261443474558,-0.07843592896132207
Australian Credit,4,0.5,0.9463487332339791,-0.0785530806781961
Australian Credit,4,0.6,0.9446455184160103,-0.07901137592724912
Australian Credit,4,0.7,0.9427294017457952,-0.08035088046195742
Australian Credit,4,0.8,0.9399616776665958,-0.08286321377816266
Australian Credit,4,0.9,0.9378326591441346,-0.08562878436853216
Australian Credit,4,1.0,0.9357036406216733,-0.08757004618896008
Australian Credit,4,1.1,0.935064935064935,-0.08859128251297317
Australian Credit,4,1.2,0.9346391313604429,-0.08902146942755204
Australian Credit,4,1.3,0.9342133276559506,-0.08913557639289887
Australian Credit,4,1.4,0.935064935064935,-0.0890931979682284
Australian Credit,4,1.5,0.9354907387694273,-0.08897849070309816
Australian Credit,4,1.6,0.9352778369171811,-0.08883456207214394
Australian Credit,4,1.7,0.9352778369171811,-0.08868312513586885
Australian Credit,4,1.8,0.9357036406216734,-0.08853481945243781
Australian Credit,4,1.9,0.9354907387694272,-0.0883945479973345
Australian Credit,4,2.0,0.9361294443261656,-0.0882642480385496
Sonar,0,0.0,0.9153318077803203,-0.1273938694778808
Sonar,0,0.1,0.9153318077803203,-0.12716898816246147
Sonar,0,0.2,0.9153318077803203,-0.12691614330138265
Sonar,0,0.3,0.9153318077803203,-0.1266346721336094
Sonar,0,0.4,0.9153318077803203,-0.12632944205193444
Sonar,0,0.5,0.9153318077803203,-0.12601974912198421
Sonar,0,0.6,0.9130434782608695,-0.12576176402505607
Sonar,0,0.7,0.9130434782608695,-0.12570628764273672
Sonar,0,0.8,0.9107551487414187,-0.1262432178902334
Sonar,0,0.9,0.9107551487414187,-0.12826855810210713
Sonar,0,1.0,0.9038901601830663,-0.13291052765594696
Sonar,0,1.1,0.8901601830663616,-0.1388749928813842
Sonar,0,1.2,0.8764302059496568,-0.14282715252462536
Sonar,0,1.3,0.8695652173913044,-0.14443994724570947
Sonar,0,1.4,0.8695652173913044,-0.14489430645404888
Sonar,0,1.5,0.8672768878718535,-0.14493168178684382
Sonar,0,1.6,0.8695652173913044,-0.14485251305686062
Sonar,0,1.7,0.8695652173913044,-0.14475978078410573
Sonar,0,1.8,0.8718535469107551,-0.14468320949014876
Sonar,0,1.9,0.874141876430206,-0.14462773808686652
Sonar,0,2.0,0.874141876430206,-0.1445908860210932
Sonar,1,0.0,0.875,-0.14789160274553378
Sonar,1,0.1,0.875,-0.14791544141250818
Sonar,1,0.2,0.875,-0.1479470682438773
Sonar,1,0.3,0.875,-0.14798893936946586
Sonar,1,0.4,0.875,-0.14804439262156646
Sonar,1,0.5,0.875,-0.1481179946692392
Sonar,1,0.6,0.875,-0.14821601689903266
Sonar,1,0.7,0.8727272727272727,-0.14834705395802428
Sonar,1,0.8,0.8727272727272727,-0.14852272815762632
Sonar,1,0.9,0.8772727272727272,-0.1487582003651859
Sonar,1,1.0,0.875,-0.1490716199828292
Sonar,1,1.1,0.8795454545454545,-0.14948036492890746
Sonar,1,1.2,0.8795454545454545,-0.14999012840641046
Sonar,1,1.3,0.8818181818181818,-0.15057440395925759
Sonar,1,1.4,0.8795454545454546,-0.15116009206514827
Sonar,1,1.5,0.8772727272727272,-0.1516778879711199
Sonar,1,1.6,0.8704545454545455,-0.15223250175997638
Sonar,1,1.7,0.8659090909090909,-0.15328559114908616
Sonar,1,1.8,0.8681818181818182,-0.15546866925952277
Sonar,1,1.9,0.8636363636363635,-0.15883828644197034
Sonar,1,2.0,0.8613636363636363,-0.1626983002829038
Sonar,2,0.0,0.9267734553775744,-0.11847111085472664
Sonar,2,0.1,0.9267734553775744,-0.11848100194774348
Sonar,2,0.2,0.9267734553775744,-0.11849202028433496
Sonar,2,0.3,0.9267734553775744,-0.11850355836762522
Sonar,2,0.4,0.9267734553775744,-0.11851344592012196
Sonar,2,0.5,0.9267734553775744,-0.11851484179801863
Sonar,2,0.6,0.9267734553775744,-0.11848659838542519
Sonar,2,0.7,0.9267734553775744,-0.1183707034409348
Sonar,2,0.8,0.9336384439359268,-0.11825972640730344
Sonar,2,0.9,0.9244851258581236,-0.12150424420816745
Sonar,2,1.0,0.9130434782608696,-0.12561932584316948
Sonar,2,1.1,0.9153318077803203,-0.12479065559803722
Sonar,2,1.2,0.9153318077803203,-0.1234379287468261
Sonar,2,1.3,0.919908466819222,-0.12244222177690721
Sonar,2,1.4,0.919908466819222,-0.12174810166433164
Sonar,2,1.5,0.919908466819222,-0.12125192882290727
Sonar,2,1.6,0.919908466819222,-0.1208845617367845
Sonar,2,1.7,0.919908466819222,-0.1206035755599345
Sonar,2,1.8,0.919908466819222,-0.12038260194968749
Sonar,2,1.9,0.919908466819222,-0.12020471657053014
Sonar,2,2.0,0.919908466819222,-0.12005867687465815
Sonar,3,0.0,0.9153318077803203,-0.14695708503154506
Sonar,3,0.1,0.9153318077803203,-0.14681684743561282
Sonar,3,0.2,0.9153318077803203,-0.14664530136229365
Sonar,3,0.3,0.9153318077803203,-0.1464311361251594
Sonar,3,0.4,0.9153318077803204,-0.14615720377613653
Sonar,3,0.5,0.9153318077803204,-0.14579659791671476
Sonar,3,0.6,0.919908466819222,-0.14530578997196833
Sonar,3,0.7,0.919908466819222,-0.14461392221339825
Sonar,3,0.8,0.9221967963386728,-0.1436177212307159
Sonar,3,0.9,0.9244851258581236,-0.14228053770584476
Sonar,3,1.0,0.9267734553775744,-0.14140513243995298
Sonar,3,1.1,0.9267734553775744,-0.14316421640445007
Sonar,3,1.2,0.9153318077803203,-0.14402851251199755
Sonar,3,1.3,0.9016018306636157,-0.14511792851394686
Sonar,3,1.4,0.8947368421052632,-0.14769472005278053
Sonar,3,1.5,0.8947368421052632,-0.14974631156247503
Sonar,3,1.6,0.8924485125858124,-0.1511111985371738
Sonar,3,1.7,0.8878718535469108,-0.15202716127062374
Sonar,3,1.8,0.8901601830663616,-0.15266782384929417
Sonar,3,1.9,0.8901601830663616,-0.153135045553469
Sonar,3,2.0,0.8901601830663616,-0.1534882909184728
Sonar,4,0.0,0.9221967963386728,-0.13960199160447845
Sonar,4,0.1,0.919908466819222,-0.1398651424028571
Sonar,4,0.2,0.919908466819222,-0.1401899601789158
Sonar,4,0.3,0.9176201372997712,-0.14059918616480682
Sonar,4,0.4,0.9130434782608696,-0.14112694360288097
Sonar,4,0.5,0.9130434782608696,-0.14182530995101866
Sonar,4,0.6,0.9107551487414187,-0.1427732781421459
Sonar,4,0.7,0.9107551487414187,-0.14408111028452256
Sonar,4,0.8,0.9038901601830663,-0.14584679182162172
Sonar,4,0.9,0.9016018306636155,-0.14788720860111143
Sonar,4,1.0,0.9038901601830663,-0.14902851995436248
Sonar,4,1.1,0.9016018306636155,-0.14868265933138997
Sonar,4,1.2,0.8832951945080092,-0.1515177253206486
Sonar,4,1.3,0.8695652173913043,-0.1554364408497722
Sonar,4,1.4,0.8672768878718535,-0.15742450714045714
Sonar,4,1.5,0.8649885583524027,-0.1581365279747339
Sonar,4,1.6,0.8649885583524027,-0.1582840133655443
Sonar,4,1.7,0.8627002288329519,-0.15820048489877062
Sonar,4,1.8,0.8627002288329519,-0.15802833649291342
Sonar,4,1.9,0.8627002288329519,-0.15782858357563942
Sonar,4,2.0,0.8627002288329519,-0.15762750557228977
SPECT Heart,0,0.0,0.7854122621564482,-0.12678003788320355
SPECT Heart,0,0.1,0.7854122621564482,-0.12718119412197681
SPECT Heart,0,0.2,0.7854122621564482,-0.12766932010980142
SPECT Heart,0,0.3,0.7832980972515856,-0.1282573707195476
SPECT Heart,0,0.4,0.7832980972515856,-0.1289393232828192
SPECT Heart,0,0.5,0.7748414376321353,-0.12964825414094877
SPECT Heart,0,0.6,0.7769556025369979,-0.13016539698825763
SPECT Heart,0,0.7,0.7811839323467231,-0.13001286919216973
SPECT Heart,0,0.8,0.7854122621564483,-0.12884969761410495
SPECT Heart,0,0.9,0.7938689217758985,-0.12816868051003016
SPECT Heart,0,1.0,0.7980972515856237,-0.1291834942579846
SPECT Heart,0,1.1,0.8065539112050739,-0.13038892809112412
SPECT Heart,0,1.2,0.8065539112050739,-0.1311048556811873
SPECT Heart,0,1.3,0.8107822410147991,-0.13144995194348302
SPECT Heart,0,1.4,0.8128964059196617,-0.13159257399967897
SPECT Heart,0,1.5,0.8128964059196617,-0.1316318155290126
SPECT Heart,0,1.6,0.8128964059196617,-0.13161917448564775
SPECT Heart,0,1.7,0.8128964059196617,-0.13158109784707092
SPECT Heart,0,1.8,0.8128964059196617,-0.13153134092921126
SPECT Heart,0,1.9,0.8128964059196617,-0.13147715189064038
SPECT Heart,0,2.0,0.8128964059196617,-0.13142236355371334
SPECT Heart,1,0.0,0.8847780126849893,-0.11751842379902888
SPECT Heart,1,0.1,0.8847780126849893,-0.11753847593512207
SPECT Heart,1,0.2,0.8847780126849893,-0.11756170276815611
SPECT Heart,1,0.3,0.8847780126849893,-0.11758887063327333
SPECT Heart,1,0.4,0.8847780126849893,-0.1176209998143798
SPECT Heart,1,0.5,0.8847780126849893,-0.1176594738499691
SPECT Heart,1,0.6,0.8847780126849893,-0.11770620800877618
SPECT Heart,1,0.7,0.8847780126849893,-0.11776391656621248
SPECT Heart,1,0.8,0.8847780126849893,-0.11783655143556618
SPECT Heart,1,0.9,0.8847780126849893,-0.11793005271483355
SPECT Heart,1,1.0,0.8847780126849893,-0.11805370657419469
SPECT Heart,1,1.1,0.8847780126849893,-0.11822281412787806
SPECT Heart,1,1.2,0.8826638477801267,-0.11846469348368265
SPECT Heart,1,1.3,0.8826638477801267,-0.11883536893470042
SPECT Heart,1,1.4,0.8805496828752641,-0.11947890837168508
SPECT Heart,1,1.5,0.8805496828752644,-0.12084364531568127
SPECT Heart,1,1.6,0.8678646934460887,-0.12385695678368551
SPECT Heart,1,1.7,0.8657505285412262,-0.12780107658788437
SPECT Heart,1,1.8,0.8572938689217758,-0.13031592430981245
SPECT Heart,1,1.9,0.8551797040169133,-0.13154379060847954
SPECT Heart,1,2.0,0.8551797040169133,-0.1322409758650425
SPECT Heart,2,0.0,0.8985200845665962,-0.10154788762118615
SPECT Heart,2,0.1,0.8942917547568711,-0.10124822677373614
SPECT Heart,2,0.2,0.8964059196617337,-0.10090494868637337
SPECT Heart,2,0.3,0.8964059196617337,-0.10051388715718824
SPECT Heart,2,0.4,0.8964059196617337,-0.10007490396800503
SPECT Heart,2,0.5,0.8964059196617337,-0.09959751415205835
SPECT Heart,2,0.6,0.9006342494714588,-0.09911135644714114
SPECT Heart,2,0.7,0.9006342494714588,-0.09868461800384941
SPECT Heart,2,0.8,0.8985200845665962,-0.09845930827673414
SPECT Heart,2,0.9,0.9006342494714588,-0.09873161746780765
SPECT Heart,2,1.0,0.8964059196617337,-0.10004274989125088
SPECT Heart,2,1.1,0.904862579281184,-0.10276605949167018
SPECT Heart,2,1.2,0.9112050739957717,-0.10614688344315348
SPECT Heart,2,1.3,0.8964059196617337,-0.10897121751554187
SPECT Heart,2,1.4,0.8964059196617337,-0.11084256458128652
SPECT Heart,2,1.5,0.8942917547568711,-0.11195444209677474
SPECT Heart,2,1.6,0.879492600422833,-0.1125812686719583
SPECT Heart,2,1.7,0.879492600422833,-0.11291969615349878
SPECT Heart,2,1.8,0.879492600422833,-0.1130896842612022
SPECT Heart,2,1.9,0.879492600422833,-0.11316131140318858
SPECT Heart,2,2.0,0.879492600422833,-0.1131753716702268
SPECT Heart,3,0.0,0.7980972515856237,-0.10515968750867002
SPECT Heart,3,0.1,0.7980972515856237,-0.10512036538502931
SPECT Heart,3,0.2,0.8044397463002114,-0.10508117053992601
SPECT Heart,3,0.3,0.8044397463002114,-0.10504690128386736
SPECT Heart,3,0.4,0.8065539112050739,-0.10502858656482156
SPECT Heart,3,0.5,0.8065539112050739,-0.10505175779189171
SPECT Heart,3,0.6,0.8107822410147991,-0.10517669009293898
SPECT Heart,3,0.7,0.8107822410147991,-0.10554500230980901
SPECT Heart,3,0.8,0.8128964059196617,-0.10644243632190636
SPECT Heart,3,0.9,0.8234672304439745,-0.10803288109332605
SPECT Heart,3,1.0,0.8319238900634249,-0.10887913425999865
SPECT Heart,3,1.1,0.8319238900634249,-0.1076943161410966
SPECT Heart,3,1.2,0.8065539112050739,-0.10749411438047722
SPECT Heart,3,1.3,0.7980972515856237,-0.10804564463803573
SPECT Heart,3,1.4,0.8002114164904863,-0.10850980735857103
SPECT Heart,3,1.5,0.8002114164904863,-0.10882030149210449
SPECT Heart,3,1.6,0.7980972515856237,-0.10902845218175795
SPECT Heart,3,1.7,0.7938689217758985,-0.10917351529530063
SPECT Heart,3,1.8,0.7980972515856236,-0.10927880148317685
SPECT Heart,3,1.9,0.7980972515856236,-0.10935798849250714
SPECT Heart,3,2.0,0.7980972515856236,-0.10941935918783532
SPECT Heart,4,0.0,0.930232558139535,-0.08781626704456957
SPECT Heart,4,0.1,0.930232558139535,-0.08782556255934733
SPECT Heart,4,0.2,0.93446088794926,-0.0878770279905935
SPECT Heart,4,0.3,0.93446088794926,-0.08799407045632443
SPECT Heart,4,0.4,0.9323467230443974,-0.08819597533770877
SPECT Heart,4,0.5,0.9323467230443974,-0.08848786863351782
SPECT Heart,4,0.6,0.9323467230443974,-0.08885397088281875
SPECT Heart,4,0.7,0.9323467230443974,-0.0892599250692513
SPECT Heart,4,0.8,0.93446088794926,-0.08966370567892801
SPECT Heart,4,0.9,0.93446088794926,-0.0900282465839166
SPECT Heart,4,1.0,0.9365750528541226,-0.09032911387830779
SPECT Heart,4,1.1,0.9365750528541226,-0.09055562900188477
SPECT Heart,4,1.2,0.9365750528541226,-0.09070785561078178
SPECT Heart,4,1.3,0.9365750528541226,-0.09079246579056359
SPECT Heart,4,1.4,0.9365750528541226,-0.09081925107995652
SPECT Heart,4,1.5,0.9365750528541226,-0.09079878571686176
SPECT Heart,4,1.6,0.9365750528541226,-0.09074110265400866
SPECT Heart,4,1.7,0.9365750528541226,-0.0906550684079701
SPECT Heart,4,1.8,0.9365750528541226,-0.09054817796130402
SPECT Heart,4,1.9,0.9365750528541226,-0.09042657636403498
SPECT Heart,4,2.0,0.9365750528541226,-0.09029518825010588
Haberman Survival,0,0.0,0.7150326797385621,-0.20239260147864988
Haberman Survival,0,0.1,0.7163398692810458,-0.20198140724801214
Haberman Survival,0,0.2,0.7150326797385621,-0.20153541485948723
Haberman Survival,0,0.3,0.7176470588235294,-0.20105207343410111
Haberman Survival,0,0.4,0.7189542483660131,-0.20052923499428554
Haberman Survival,0,0.5,0.7176470588235294,-0.19996553333247938
Haberman Survival,0,0.6,0.7163398692810458,-0.19936092268008113
Haberman Survival,0,0.7,0.7124183006535948,-0.19871739456790138
Haberman Survival,0,0.8,0.7150326797385621,-0.19803984089151289
Haberman Survival,0,0.9,0.7124183006535947,-0.19733691667992392
Haberman Survival,0,1.0,0.7176470588235294,-0.19662154693164946
Haberman Survival,0,1.1,0.7189542483660131,-0.19591042587319915
Haberman Survival,0,1.2,0.7189542483660131,-0.19522161432197538
Haberman Survival,0,1.3,0.7215686274509804,-0.19456955558797115
Haberman Survival,0,1.4,0.722875816993464,-0.19395816502386848
Haberman Survival,0,1.5,0.718954248366013,-0.19337549473612536
Haberman Survival,0,1.6,0.7202614379084967,-0.1927966718297795
Haberman Survival,0,1.7,0.7176470588235294,-0.19220130181661485
Haberman Survival,0,1.8,0.7176470588235294,-0.19160121141862782
Haberman Survival,0,1.9,0.7058823529411765,-0.19105495013018997
Haberman Survival,0,2.0,0.7045751633986929,-0.19064188107883248
Haberman Survival,1,0.0,0.6261437908496732,-0.24413098153339796
Haberman Survival,1,0.1,0.6287581699346405,-0.24294707755792244
Haberman Survival,1,0.2,0.6300653594771242,-0.24144172190568752
Haberman Survival,1,0.3,0.6274509803921569,-0.23950628884544653
Haberman Survival,1,0.4,0.6274509803921569,-0.23700697889496306
Haberman Survival,1,0.5,0.6287581699346405,-0.2338133280001353
Haberman Survival,1,0.6,0.6313725490196078,-0.22989390981579966
Haberman Survival,1,0.7,0.6274509803921569,-0.22551116742465296
Haberman Survival,1,0.8,0.6352941176470589,-0.2213643522519821
Haberman Survival,1,0.9,0.6431372549019608,-0.21823786110417956
Haberman Survival,1,1.0,0.6496732026143791,-0.21629500704909074
Haberman Survival,1,1.1,0.657516339869281,-0.21510853208231154
Haberman Survival,1,1.2,0.6562091503267974,-0.2142763711057983
Haberman Survival,1,1.3,0.661437908496732,-0.213647782703758
Haberman Survival,1,1.4,0.6588235294117647,-0.2131923695895699
Haberman Survival,1,1.5,0.6549019607843137,-0.21288537146219133
Haberman Survival,1,1.6,0.6549019607843137,-0.21269008926108401
Haberman Survival,1,1.7,0.6562091503267974,-0.2125710429422923
Haberman Survival,1,1.8,0.6562091503267974,-0.21250130898226602
Haberman Survival,1,1.9,0.657516339869281,-0.21246269315093294
Haberman Survival,1,2.0,0.6614379084967321,-0.21244352157411583
Haberman Survival,2,0.0,0.6300653594771242,-0.19172288199097046
Haberman Survival,2,0.1,0.6287581699346405,-0.19183203062150797
Haberman Survival,2,0.2,0.6300653594771242,-0.19197110869075124
Haberman Survival,2,0.3,0.6313725490196078,-0.19215378422250162
Haberman Survival,2,0.4,0.6300653594771243,-0.19240298123437452
Haberman Survival,2,0.5,0.6300653594771243,-0.19275949429986636
Haberman Survival,2,0.6,0.6300653594771242,-0.19330065358028928
Haberman Survival,2,0.7,0.6287581699346405,-0.1941814153152971
Haberman Survival,2,0.8,0.6222222222222222,-0.1957475052079468
Haberman Survival,2,0.9,0.6104575163398693,-0.19966127018905533
Haberman Survival,2,1.0,0.5856209150326797,-0.20946170059663505
Haberman Survival,2,1.1,0.5790849673202615,-0.2169316362087116
Haberman Survival,2,1.2,0.5725490196078431,-0.22109497694662292
Haberman Survival,2,1.3,0.5764705882352941,-0.22360629403236815
Haberman Survival,2,1.4,0.5725490196078431,-0.22524072020414856
Haberman Survival,2,1.5,0.5725490196078432,-0.22637337482608572
Haberman Survival,2,1.6,0.5725490196078432,-0.22719850167238795
Haberman Survival,2,1.7,0.5738562091503269,-0.22782378686336163
Haberman Survival,2,1.8,0.5712418300653594,-0.22831277355180166
Haberman Survival,2,1.9,0.5712418300653594,-0.22870502852145336
Haberman Survival,2,2.0,0.5725490196078431,-0.22902633527164257
Haberman Survival,3,0.0,0.7039215686274509,-0.18752513574991803
Haberman Survival,3,0.1,0.7065359477124182,-0.18718253507905552
Haberman Survival,3,0.2,0.7052287581699346,-0.18677222185485923
Haberman Survival,3,0.3,0.7091503267973857,-0.18628210662980102
Haberman Survival,3,0.4,0.7091503267973857,-0.18570358994226166
Haberman Survival,3,0.5,0.7104575163398693,-0.1850394588864706
Haberman Survival,3,0.6,0.711764705882353,-0.18431737548563681
Haberman Survival,3,0.7,0.7065359477124182,-0.18360491122469494
Haberman Survival,3,0.8,0.7052287581699346,-0.18300866091184578
Haberman Survival,3,0.9,0.7091503267973855,-0.18263309091904478
Haberman Survival,3,1.0,0.711764705882353,-0.18251333632577266
Haberman Survival,3,1.1,0.7156862745098039,-0.1825947095381849
Haberman Survival,3,1.2,0.7183006535947712,-0.1827878380131193
Haberman Survival,3,1.3,0.7156862745098039,-0.1830289937085172
Haberman Survival,3,1.4,0.7196078431372549,-0.18329192720976642
Haberman Survival,3,1.5,0.7183006535947712,-0.1835697957197544
Haberman Survival,3,1.6,0.7183006535947711,-0.183858956034476
Haberman Survival,3,1.7,0.7222222222222222,-0.184153663018387
Haberman Survival,3,1.8,0.7235294117647059,-0.18444692509332733
Haberman Survival,3,1.9,0.7235294117647059,-0.18473239743942413
Haberman Survival,3,2.0,0.7235294117647059,-0.18500540587058553
Haberman Survival,4,0.0,0.5764705882352941,-0.21742441124893228
Haberman Survival,4,0.1,0.5790849673202614,-0.21752755333167662
Haberman Survival,4,0.2,0.5751633986928104,-0.21764193916089575
Haberman Survival,4,0.3,0.5764705882352941,-0.21776888609390088
Haberman Survival,4,0.4,0.5712418300653594,-0.2179097602976221
Haberman Survival,4,0.5,0.5738562091503268,-0.21806589852109742
Haberman Survival,4,0.6,0.5764705882352941,-0.21823847592457887
Haberman Survival,4,0.7,0.5790849673202614,-0.21842829793112523
Haberman Survival,4,0.8,0.5751633986928104,-0.21863549354269385
Haberman Survival,4,0.9,0.5699346405228758,-0.21885909738357834
Haberman Survival,4,1.0,0.5699346405228759,-0.21909653910027718
Haberman Survival,4,1.1,0.5699346405228758,-0.2193431253459802
Haberman Survival,4,1.2,0.5751633986928104,-0.21959170582990323
Haberman Survival,4,1.3,0.5751633986928104,-0.21983282664055945
Haberman Survival,4,1.4,0.5725490196078431,-0.2200556787231432
Haberman Survival,4,1.5,0.5764705882352941,-0.22024986729735582
Haberman Survival,4,1.6,0.5816993464052288,-0.22040740382602972
Haberman Survival,4,1.7,0.5790849673202614,-0.22052380383576622
Haberman Survival,4,1.8,0.5856209150326797,-0.22059770356855377
Haberman Survival,4,1.9,0.5908496732026144,-0.22063012071991922
Haberman Survival,4,2.0,0.592156862745098,-0.22062527836348622
Banknote Auth,0,0.0,1.0,-0.000760610290538268
Banknote Auth,0,0.1,1.0,-0.0007617970783086276
Banknote Auth,0,0.2,1.0,-0.0007636145785057104
Banknote Auth,0,0.3,1.0,-0.0007666924886419468
Banknote Auth,0,0.4,1.0,-0.0007727993756616877
Banknote Auth,0,0.5,1.0,-0.0007888814128841239
Banknote Auth,0,0.6,1.0,-0.0008679778350614238
Banknote Auth,0,0.7,1.0,-0.0009220915192577397
Banknote Auth,0,0.8,1.0,-0.000675056855109653
Banknote Auth,0,0.9,1.0,-0.0006508317770328444
Banknote Auth,0,1.0,1.0,-0.0006417939146771404
Banknote Auth,0,1.1,1.0,-0.0006370523284778654
Banknote Auth,0,1.2,1.0,-0.0006341293954323574
Banknote Auth,0,1.3,1.0,-0.0006321466378743821
Banknote Auth,0,1.4,1.0,-0.000630713139832157
Banknote Auth,0,1.5,1.0,-0.0006296283870520121
Banknote Auth,0,1.6,1.0,-0.0006287788972972457
Banknote Auth,0,1.7,1.0,-0.0006280956139886041
Banknote Auth,0,1.8,1.0,-0.0006275341015788975
Banknote Auth,0,1.9,1.0,-0.000627064469581533
Banknote Auth,0,2.0,1.0,-0.0006266658709669191
Banknote Auth,1,0.0,1.0,-0.0015497710745605191
Banknote Auth,1,0.1,1.0,-0.0015497710745605191
Banknote Auth,1,0.2,1.0,-0.0015497710745605191
Banknote Auth,1,0.3,1.0,-0.0015497710745605191
Banknote Auth,1,0.4,1.0,-0.0015497710745605191
Banknote Auth,1,0.5,1.0,-0.0015497710745605191
Banknote Auth,1,0.6,1.0,-0.0015497710745605191
Banknote Auth,1,0.7,0.9997857066323798,-0.007419114727951093
Banknote Auth,1,0.8,0.9997857066323798,-0.007419114727956155
Banknote Auth,1,0.9,0.9997857066323798,-0.007419114727956155
Banknote Auth,1,1.0,0.9997857066323798,-0.007419114727956155
Banknote Auth,1,1.1,0.9997857066323798,-0.007419114727954891
Banknote Auth,1,1.2,0.9997857066323798,-0.007419114727956155
Banknote Auth,1,1.3,0.9997857066323798,-0.007419114727955522
Banknote Auth,1,1.4,0.9997857066323798,-0.007419114727955522
Banknote Auth,1,1.5,0.9997857066323798,-0.007419114727957592
Banknote Auth,1,1.6,0.9997857066323798,-0.007419114727956155
Banknote Auth,1,1.7,0.9997857066323798,-0.007419114727956791
Banknote Auth,1,1.8,0.9997857066323798,-0.007419114727956791
Banknote Auth,1,1.9,0.9997857066323798,-0.007419114727956791
Banknote Auth,1,2.0,0.9997857066323798,-0.007419114727956155
Banknote Auth,2,0.0,1.0,-0.003705722677959771
Banknote Auth,2,0.1,1.0,-0.0036594580616231246
Banknote Auth,2,0.2,1.0,-0.003594837905847194
Banknote Auth,2,0.3,1.0,-0.0034984566603476074
Banknote Auth,2,0.4,1.0,-0.0033401400795203674
Banknote Auth,2,0.5,1.0,-0.003037272828527124
Banknote Auth,2,0.6,1.0,-0.002316273206173087
Banknote Auth,2,0.7,1.0,-0.0011187565964666192
Banknote Auth,2,0.8,1.0,-0.0009649618326575863
Banknote Auth,2,0.9,1.0,-0.000969469553622111
Banknote Auth,2,1.0,1.0,-0.0009779472784991546
Banknote Auth,2,1.1,1.0,-0.0009849065188015046
Banknote Auth,2,1.2,1.0,-0.000990317878394218
Banknote Auth,2,1.3,1.0,-0.000994559136172055
Banknote Auth,2,1.4,1.0,-0.0009979447632360383
Banknote Auth,2,1.5,1.0,-0.0010006988137000324
Banknote Auth,2,1.6,1.0,-0.001002977856438453
Banknote Auth,2,1.7,1.0,-0.001004892470529058
Banknote Auth,2,1.8,1.0,-0.001006522210041871
Banknote Auth,2,1.9,1.0,-0.0010079254553555493
Banknote Auth,2,2.0,1.0,-0.0010091458735710084
Banknote Auth,3,0.0,1.0,-0.001690992247289016
Banknote Auth,3,0.1,1.0,-0.001692477661603873
Banknote Auth,3,0.2,1.0,-0.0016947315947103132
Banknote Auth,3,0.3,1.0,-0.001698480016026269
Banknote Auth,3,0.4,1.0,-0.0017056440553458495
Banknote Auth,3,0.5,1.0,-0.001722923354796806
Banknote Auth,3,0.6,1.0,-0.0017872536538196216
Banknote Auth,3,0.7,1.0,-0.0014011326444327969
Banknote Auth,3,0.8,1.0,-0.0016988368561651574
Banknote Auth,3,0.9,1.0,-0.0017768576904689522
Banknote Auth,3,1.0,1.0,-0.0018019531466262593
Banknote Auth,3,1.1,1.0,-0.001814144564800041
Banknote Auth,3,1.2,1.0,-0.0018213221661183326
Banknote Auth,3,1.3,1.0,-0.0018260448899800716
Banknote Auth,3,1.4,1.0,-0.001829386160125539
Banknote Auth,3,1.5,1.0,-0.0018318739717007872
Banknote Auth,3,1.6,1.0,-0.0018337979351877476
Banknote Auth,3,1.7,1.0,-0.001835330055568888
Banknote Auth,3,1.8,1.0,-0.001836578885142827
Banknote Auth,3,1.9,1.0,-0.0018376162947531336
Banknote Auth,3,2.0,1.0,-0.0018384917526537718
Banknote Auth,4,0.0,1.0,-0.003236532542152526
Banknote Auth,4,0.1,1.0,-0.0032289585239217225
Banknote Auth,4,0.2,1.0,-0.003218427603924888
Banknote Auth,4,0.3,1.0,-0.0032028025595532113
Banknote Auth,4,0.4,1.0,-0.003177269490985728
Banknote Auth,4,0.5,1.0,-0.0031284665244604945
Banknote Auth,4,0.6,1.0,-0.0030071281577094123
Banknote Auth,4,0.7,1.0,-0.0013994041330330795
Banknote Auth,4,0.8,1.0,-0.0008886395710628617
Banknote Auth,4,0.9,1.0,-0.0008846473492655508
Banknote Auth,4,1.0,1.0,-0.0008852309388943525
Banknote Auth,4,1.1,1.0,-0.0008859951185587287
Banknote Auth,4,1.2,1.0,-0.0008866233079374673
Banknote Auth,4,1.3,1.0,-0.0008871175804712804
Banknote Auth,4,1.4,1.0,-0.0008875092055939504
Banknote Auth,4,1.5,1.0,-0.0008878246596874373
Banknote Auth,4,1.6,1.0,-0.0008880831828229292
Banknote Auth,4,1.7,1.0,-0.000888298442505151
Banknote Auth,4,1.8,1.0,-0.0008884802221612132
Banknote Auth,4,1.9,1.0,-0.0008886356389989824
Banknote Auth,4,2.0,1.0,-0.0008887699649528989
Blood Transfusion,0,0.0,0.7192546583850931,-0.15358176898016582
Blood Transfusion,0,0.1,0.7187577639751552,-0.15358607296213322
Blood Transfusion,0,0.2,0.7190062111801242,-0.15359130765481538
Blood Transfusion,0,0.3,0.7187577639751551,-0.15359777683155712
Blood Transfusion,0,0.4,0.7187577639751551,-0.15360592242995577
Blood Transfusion,0,0.5,0.7187577639751552,-0.15361640862577106
Blood Transfusion,0,0.6,0.7195031055900621,-0.15363027283970665
Blood Transfusion,0,0.7,0.72,-0.1536492125922315
Blood Transfusion,0,0.8,0.7192546583850931,-0.15367616850663618
Blood Transfusion,0,0.9,0.7199999999999999,-0.1537166114190767
Blood Transfusion,0,1.0,0.7204968944099378,-0.15378169182220638
Blood Transfusion,0,1.1,0.7214906832298137,-0.15389700821825691
Blood Transfusion,0,1.2,0.7219875776397515,-0.1541312500655551
Blood Transfusion,0,1.3,0.7192546583850931,-0.15470775310305035
Blood Transfusion,0,1.4,0.7122981366459626,-0.15646200922628956
Blood Transfusion,0,1.5,0.7070807453416148,-0.16130626627731584
Blood Transfusion,0,1.6,0.7006211180124223,-0.16637359689475908
Blood Transfusion,0,1.7,0.693167701863354,-0.16829602676966332
Blood Transfusion,0,1.8,0.6894409937888198,-0.1697146503842778
Blood Transfusion,0,1.9,0.6901863354037266,-0.17101520549340335
Blood Transfusion,0,2.0,0.6884472049689441,-0.17202568693147796
Blood Transfusion,1,0.0,0.7839912280701754,-0.1453376141954846
Blood Transfusion,1,0.1,0.782285575048733,-0.1453049870230357
Blood Transfusion,1,0.2,0.7822855750487329,-0.14527463366334847
Blood Transfusion,1,0.3,0.7820419103313839,-0.14524771618661012
Blood Transfusion,1,0.4,0.7825292397660819,-0.1452258105277625
Blood Transfusion,1,0.5,0.782041910331384,-0.14521105934802336
Blood Transfusion,1,0.6,0.782041910331384,-0.1452063808740746
Blood Transfusion,1,0.7,0.7810672514619883,-0.14521574763018433
Blood Transfusion,1,0.8,0.7803362573099415,-0.14524454147135082
Blood Transfusion,1,0.9,0.7805799220272904,-0.14529996552957092
Blood Transfusion,1,1.0,0.7805799220272904,-0.14539143083107314
Blood Transfusion,1,1.1,0.7805799220272905,-0.145530711749123
Blood Transfusion,1,1.2,0.7815545808966862,-0.1457314746913524
Blood Transfusion,1,1.3,0.7805799220272905,-0.14600760523355913
Blood Transfusion,1,1.4,0.7778996101364523,-0.14636984031409617
Blood Transfusion,1,1.5,0.7791179337231969,-0.14682094622064473
Blood Transfusion,1,1.6,0.7791179337231968,-0.14735116039301616
Blood Transfusion,1,1.7,0.7769249512670566,-0.14793686744022544
Blood Transfusion,1,1.8,0.7740009746588694,-0.14854468111290017
Blood Transfusion,1,1.9,0.7691276803118907,-0.14913982016672575
Blood Transfusion,1,2.0,0.7671783625730993,-0.14969457984150514
Blood Transfusion,2,0.0,0.7751552795031055,-0.1516626628531186
Blood Transfusion,2,0.1,0.7741614906832296,-0.15148003182038058
Blood Transfusion,2,0.2,0.773664596273292,-0.1512817484080534
Blood Transfusion,2,0.3,0.7736645962732918,-0.15106817156501748
Blood Transfusion,2,0.4,0.7714285714285714,-0.1508410312133896
Blood Transfusion,2,0.5,0.7706832298136645,-0.1506040718876981
Blood Transfusion,2,0.6,0.7709316770186335,-0.15036352342560008
Blood Transfusion,2,0.7,0.7709316770186336,-0.15012765197841124
Blood Transfusion,2,0.8,0.7724223602484472,-0.14990402453106597
Blood Transfusion,2,0.9,0.7721739130434782,-0.14969344681270166
Blood Transfusion,2,1.0,0.7721739130434783,-0.14948456312856745
Blood Transfusion,2,1.1,0.7711801242236025,-0.14927012540112614
Blood Transfusion,2,1.2,0.7706832298136644,-0.14913341249490103
Blood Transfusion,2,1.3,0.7751552795031055,-0.14940667731115387
Blood Transfusion,2,1.4,0.7711801242236025,-0.1506062031591674
Blood Transfusion,2,1.5,0.7669565217391304,-0.15287061631552618
Blood Transfusion,2,1.6,0.7632298136645962,-0.15570196391236701
Blood Transfusion,2,1.7,0.7607453416149068,-0.15848327490599726
Blood Transfusion,2,1.8,0.7607453416149068,-0.16088527305758565
Blood Transfusion,2,1.9,0.7577639751552795,-0.16283899121783274
Blood Transfusion,2,2.0,0.7575155279503105,-0.1643933510901754
Blood Transfusion,3,0.0,0.706832298136646,-0.15821778663216013
Blood Transfusion,3,0.1,0.7085714285714285,-0.15793687400464965
Blood Transfusion,3,0.2,0.7093167701863354,-0.15764012019126789
Blood Transfusion,3,0.3,0.7103105590062112,-0.15732739040536625
Blood Transfusion,3,0.4,0.7120496894409939,-0.15699893870877857
Blood Transfusion,3,0.5,0.7118012422360249,-0.1566555625595437
Blood Transfusion,3,0.6,0.7147826086956521,-0.15629879442124936
Blood Transfusion,3,0.7,0.7157763975155279,-0.15593112847886986
Blood Transfusion,3,0.8,0.7160248447204969,-0.1555562707552604
Blood Transfusion,3,0.9,0.7182608695652174,-0.15517938433552125
Blood Transfusion,3,1.0,0.7214906832298136,-0.1548072766493265
Blood Transfusion,3,1.1,0.724472049689441,-0.15444844456248005
Blood Transfusion,3,1.2,0.7262111801242237,-0.1541128643100114
Blood Transfusion,3,1.3,0.7291925465838509,-0.15381140821516576
Blood Transfusion,3,1.4,0.7314285714285714,-0.1535548234129645
Blood Transfusion,3,1.5,0.7356521739130436,-0.15335235524291782
Blood Transfusion,3,1.6,0.7341614906832299,-0.153210339179887
Blood Transfusion,3,1.7,0.7363975155279503,-0.15313133004961027
Blood Transfusion,3,1.8,0.7391304347826088,-0.1531143924242788
Blood Transfusion,3,1.9,0.7401242236024844,-0.15315685376541366
Blood Transfusion,3,2.0,0.7396273291925465,-0.15325715391373196
Blood Transfusion,4,0.0,0.709192546583851,-0.15714187924783254
Blood Transfusion,4,0.1,0.7101863354037268,-0.15697022493551965
Blood Transfusion,4,0.2,0.7111801242236024,-0.15677760876472924
Blood Transfusion,4,0.3,0.7116770186335404,-0.15656040856771913
Blood Transfusion,4,0.4,0.712670807453416,-0.15631434421506882
Blood Transfusion,4,0.5,0.7131677018633541,-0.15603451358358011
Blood Transfusion,4,0.6,0.713416149068323,-0.15571572018627877
Blood Transfusion,4,0.7,0.7151552795031056,-0.15535357519326462
Blood Transfusion,4,0.8,0.7156521739130435,-0.15494753454005614
Blood Transfusion,4,0.9,0.7159006211180124,-0.15450837766899228
Blood Transfusion,4,1.0,0.7191304347826087,-0.15407405262343435
Blood Transfusion,4,1.1,0.7188819875776398,-0.1537334816394839
Blood Transfusion,4,1.2,0.7211180124223602,-0.15363111625653075
Blood Transfusion,4,1.3,0.7201242236024845,-0.15388684283890516
Blood Transfusion,4,1.4,0.718136645962733,-0.15445831384769254
Blood Transfusion,4,1.5,0.7149068322981367,-0.15517024115347197
Blood Transfusion,4,1.6,0.7131677018633541,-0.15590490274039073
Blood Transfusion,4,1.7,0.709689440993789,-0.15665830493968344
Blood Transfusion,4,1.8,0.7064596273291925,-0.15745965959222238
Blood Transfusion,4,1.9,0.7072049689440995,-0.15831320300099838
Blood Transfusion,4,2.0,0.7049689440993789,-0.15919560448055983
Tic-Tac-Toe,0,0.0,0.9998805970149254,-0.04097965422146776
Tic-Tac-Toe,0,0.1,1.0,-0.04018644514239656
Tic-Tac-Toe,0,0.2,1.0,-0.03916547204864414
Tic-Tac-Toe,0,0.3,1.0,-0.03780884819518002
Tic-Tac-Toe,0,0.4,1.0,-0.0359366810108255
Tic-Tac-Toe,0,0.5,1.0,-0.033245606850697815
Tic-Tac-Toe,0,0.6,1.0,-0.029293719936551024
Tic-Tac-Toe,0,0.7,1.0,-0.02427017125351677
Tic-Tac-Toe,0,0.8,1.0,-0.027619489521439083
Tic-Tac-Toe,0,0.9,1.0,-0.08191073581857278
Tic-Tac-Toe,0,1.0,0.9811343283582089,-0.1285532366829184
Tic-Tac-Toe,0,1.1,0.9499701492537314,-0.14514053971237917
Tic-Tac-Toe,0,1.2,0.9299104477611941,-0.1518119044315627
Tic-Tac-Toe,0,1.3,0.9179701492537313,-0.15505648449609827
Tic-Tac-Toe,0,1.4,0.9111641791044776,-0.15686619277931005
Tic-Tac-Toe,0,1.5,0.9074626865671641,-0.15797816155722338
Tic-Tac-Toe,0,1.6,0.9043582089552239,-0.15871150339910242
Tic-Tac-Toe,0,1.7,0.9007761194029851,-0.15922178178779278
Tic-Tac-Toe,0,1.8,0.8985074626865672,-0.15959203848635153
Tic-Tac-Toe,0,1.9,0.8975522388059701,-0.159869868425682
Tic-Tac-Toe,0,2.0,0.8965970149253731,-0.16008415031672754
Tic-Tac-Toe,1,0.0,0.9977152477152478,-0.04572485188856188
Tic-Tac-Toe,1,0.1,0.997955747955748,-0.04501663181436429
Tic-Tac-Toe,1,0.2,0.9980759980759981,-0.0441028908369104
Tic-Tac-Toe,1,0.3,0.9983164983164984,-0.042882638577029196
Tic-Tac-Toe,1,0.4,0.9986772486772487,-0.04118083717052815
Tic-Tac-Toe,1,0.5,0.9995189995189996,-0.03867773524648518
Tic-Tac-Toe,1,0.6,1.0,-0.03479554355357378
Tic-Tac-Toe,1,0.7,1.0,-0.029069721835088574
Tic-Tac-Toe,1,0.8,1.0,-0.03127179689239846
Tic-Tac-Toe,1,0.9,0.9984367484367485,-0.09740643350083983
Tic-Tac-Toe,1,1.0,0.9663299663299663,-0.13848260751741148
Tic-Tac-Toe,1,1.1,0.940957190957191,-0.14953987132925084
Tic-Tac-Toe,1,1.2,0.9285714285714285,-0.15339966431342233
Tic-Tac-Toe,1,1.3,0.9231601731601732,-0.15509273670252277
Tic-Tac-Toe,1,1.4,0.9202741702741704,-0.1559541730447095
Tic-Tac-Toe,1,1.5,0.9183501683501684,-0.15643852499251112
Tic-Tac-Toe,1,1.6,0.9175084175084175,-0.1567307438132309
Tic-Tac-Toe,1,1.7,0.9165464165464166,-0.15691635602004375
Tic-Tac-Toe,1,1.8,0.9157046657046657,-0.1570388680992101
Tic-Tac-Toe,1,1.9,0.9153439153439153,-0.15712209961851573
Tic-Tac-Toe,1,2.0,0.9148629148629149,-0.15717987421740984
Tic-Tac-Toe,2,0.0,0.9997611940298508,-0.04384347626537904
Tic-Tac-Toe,2,0.1,0.9998805970149254,-0.04258006582228929
Tic-Tac-Toe,2,0.2,0.9998805970149254,-0.04099873844237144
Tic-Tac-Toe,2,0.3,1.0,-0.03897632597259564
Tic-Tac-Toe,2,0.4,1.0,-0.03633146279114969
Tic-Tac-Toe,2,0.5,1.0,-0.032811060533366604
Tic-Tac-Toe,2,0.6,1.0,-0.028148152069349498
Tic-Tac-Toe,2,0.7,1.0,-0.02249535296259401
Tic-Tac-Toe,2,0.8,1.0,-0.01817747358578096
Tic-Tac-Toe,2,0.9,1.0,-0.025049951034500934
Tic-Tac-Toe,2,1.0,1.0,-0.06480552600058938
Tic-Tac-Toe,2,1.1,0.9921194029850746,-0.11126881538495688
Tic-Tac-Toe,2,1.2,0.9574925373134329,-0.13613589994709338
Tic-Tac-Toe,2,1.3,0.9272835820895523,-0.14807156646700842
Tic-Tac-Toe,2,1.4,0.9067462686567164,-0.15429966647030688
Tic-Tac-Toe,2,1.5,0.8930149253731343,-0.15787591430407394
Tic-Tac-Toe,2,1.6,0.8858507462686568,-0.16009787343880727
Tic-Tac-Toe,2,1.7,0.8792835820895523,-0.16156674006378033
Tic-Tac-Toe,2,1.8,0.8755820895522388,-0.1625865276999152
Tic-Tac-Toe,2,1.9,0.8728358208955224,-0.1633229171045855
Tic-Tac-Toe,2,2.0,0.8709253731343284,-0.16387199183593645
Tic-Tac-Toe,3,0.0,0.9992835820895523,-0.04936536998823845
Tic-Tac-Toe,3,0.1,0.9992835820895523,-0.04825912725626239
Tic-Tac-Toe,3,0.2,0.9992835820895523,-0.04684684612950831
Tic-Tac-Toe,3,0.3,0.9992835820895523,-0.04499386001008641
Tic-Tac-Toe,3,0.4,0.9998805970149254,-0.04248876020188761
Tic-Tac-Toe,3,0.5,1.0,-0.03901260899731052
Tic-Tac-Toe,3,0.6,1.0,-0.03421139479052068
Tic-Tac-Toe,3,0.7,1.0,-0.02851358026502332
Tic-Tac-Toe,3,0.8,1.0,-0.02715378167048473
Tic-Tac-Toe,3,0.9,1.0,-0.05316876114969763
Tic-Tac-Toe,3,1.0,0.9971343283582089,-0.10472723054044986
Tic-Tac-Toe,3,1.1,0.9675223880597015,-0.13330901014313268
Tic-Tac-Toe,3,1.2,0.9364776119402985,-0.14583670393517642
Tic-Tac-Toe,3,1.3,0.9159402985074627,-0.1519580260329002
Tic-Tac-Toe,3,1.4,0.9025671641791045,-0.15534127504819026
Tic-Tac-Toe,3,1.5,0.8958805970149254,-0.15739987305940917
Tic-Tac-Toe,3,1.6,0.8890746268656716,-0.15874674074478937
Tic-Tac-Toe,3,1.7,0.8852537313432837,-0.15967834563097733
Tic-Tac-Toe,3,1.8,0.8819104477611941,-0.16035143718928524
Tic-Tac-Toe,3,1.9,0.8805970149253731,-0.16085504159402228
Tic-Tac-Toe,3,2.0,0.879641791044776,-0.1612427454844908
Tic-Tac-Toe,4,0.0,0.9955820895522388,-0.04657909084195928
Tic-Tac-Toe,4,0.1,0.9961791044776119,-0.044710780693117395
Tic-Tac-Toe,4,0.2,0.9966567164179104,-0.04239988586759582
Tic-Tac-Toe,4,0.3,0.9970149253731344,-0.039511741151948485
Tic-Tac-Toe,4,0.4,0.9979701492537314,-0.03589724707764854
Tic-Tac-Toe,4,0.5,0.9984477611940299,-0.03147547972647246
Tic-Tac-Toe,4,0.6,0.9991641791044776,-0.026504743565329725
Tic-Tac-Toe,4,0.7,0.9995223880597014,-0.022187939953151933
Tic-Tac-Toe,4,0.8,0.9995223880597014,-0.021541236490972986
Tic-Tac-Toe,4,0.9,0.9991641791044776,-0.03140892205964249
Tic-Tac-Toe,4,1.0,0.994268656716418,-0.05941593109896187
Tic-Tac-Toe,4,1.1,0.9866268656716418,-0.09267135860070236
Tic-Tac-Toe,4,1.2,0.9718208955223882,-0.11652908649357774
Tic-Tac-Toe,4,1.3,0.9522388059701492,-0.131219345642515
Tic-Tac-Toe,4,1.4,0.9332537313432836,-0.1402925469031918
Tic-Tac-Toe,4,1.5,0.9182089552238806,-0.14615327454173654
Tic-Tac-Toe,4,1.6,0.9053134328358209,-0.15012975690450875
Tic-Tac-Toe,4,1.7,0.8951641791044777,-0.1529490946999619
Tic-Tac-Toe,4,1.8,0.8893134328358209,-0.15502399598056862
Tic-Tac-Toe,4,1.9,0.8850149253731343,-0.15659951699795238
Tic-Tac-Toe,4,2.0,0.8802388059701494,-0.15782765079489136
Climate Crashes,0,0.0,0.9955106621773289,-0.02409326323207796
Climate Crashes,0,0.1,0.9955106621773289,-0.02410926513639782
Climate Crashes,0,0.2,0.9955106621773289,-0.02412971659694573
Climate Crashes,0,0.3,0.9943883277216611,-0.02415645250611526
Climate Crashes,0,0.4,0.9943883277216611,-0.024192091174116116
Climate Crashes,0,0.5,0.9943883277216611,-0.024239783735001793
Climate Crashes,0,0.6,0.9943883277216611,-0.0243019900778739
Climate Crashes,0,0.7,0.9966329966329965,-0.02441419633900901
Climate Crashes,0,0.8,0.9932659932659932,-0.025365612855270697
Climate Crashes,0,0.9,0.9887766554433222,-0.03090457785123951
Climate Crashes,0,1.0,0.9730639730639731,-0.03777672097471151
Climate Crashes,0,1.1,0.9708193041526375,-0.04127976329859872
Climate Crashes,0,1.2,0.9708193041526376,-0.042945958249354176
Climate Crashes,0,1.3,0.9708193041526376,-0.043837073555166556
Climate Crashes,0,1.4,0.9708193041526375,-0.044368645005967905
Climate Crashes,0,1.5,0.9708193041526375,-0.044713298294574114
Climate Crashes,0,1.6,0.9708193041526375,-0.04495125721083845
Climate Crashes,0,1.7,0.9708193041526375,-0.04512367917705739
Climate Crashes,0,1.8,0.9708193041526375,-0.045253445204513555
Climate Crashes,0,1.9,0.9708193041526375,-0.04535412762903429
Climate Crashes,0,2.0,0.9708193041526375,-0.04543421409916505
Climate Crashes,1,0.0,0.984287317620651,-0.02824191408743017
Climate Crashes,1,0.1,0.984287317620651,-0.028213438944764246
Climate Crashes,1,0.2,0.984287317620651,-0.028179937672626356
Climate Crashes,1,0.3,0.9831649831649832,-0.02814107312083512
Climate Crashes,1,0.4,0.9831649831649832,-0.028098570789487628
Climate Crashes,1,0.5,0.9831649831649832,-0.02806236195460071
Climate Crashes,1,0.6,0.9831649831649832,-0.028075407085301936
Climate Crashes,1,0.7,0.9831649831649832,-0.028312721667078225
Climate Crashes,1,0.8,0.9820426487093155,-0.029097678121754292
Climate Crashes,1,0.9,0.9764309764309764,-0.028192094803081207
Climate Crashes,1,1.0,0.962962962962963,-0.030116855303747622
Climate Crashes,1,1.1,0.962962962962963,-0.03204199731869269
Climate Crashes,1,1.2,0.962962962962963,-0.03285468787584729
Climate Crashes,1,1.3,0.962962962962963,-0.03324687782673011
Climate Crashes,1,1.4,0.962962962962963,-0.03346586700814819
Climate Crashes,1,1.5,0.962962962962963,-0.033601813828931536
Climate Crashes,1,1.6,0.962962962962963,-0.03369291602661421
Climate Crashes,1,1.7,0.962962962962963,-0.033757537310051995
Climate Crashes,1,1.8,0.962962962962963,-0.03380541610046378
Climate Crashes,1,1.9,0.962962962962963,-0.03384212789437985
Climate Crashes,1,2.0,0.962962962962963,-0.03387106541820065
Climate Crashes,2,0.0,0.9820426487093153,-0.034917680663721945
Climate Crashes,2,0.1,0.9820426487093153,-0.03476342575893849
Climate Crashes,2,0.2,0.9820426487093153,-0.03458123140248119
Climate Crashes,2,0.3,0.9820426487093153,-0.03436636944497387
Climate Crashes,2,0.4,0.9831649831649831,-0.03411747252005567
Climate Crashes,2,0.5,0.9831649831649831,-0.03384692882868115
Climate Crashes,2,0.6,0.9854096520763187,-0.03361481002163587
Climate Crashes,2,0.7,0.9865319865319866,-0.033657093867793975
Climate Crashes,2,0.8,0.984287317620651,-0.035054993624758515
Climate Crashes,2,0.9,0.9730639730639731,-0.04094211058387734
Climate Crashes,2,1.0,0.9472502805836139,-0.04838651795011986
Climate Crashes,2,1.1,0.9225589225589225,-0.052410097602035445
Climate Crashes,2,1.2,0.9214365881032547,-0.05427693439716698
Climate Crashes,2,1.3,0.9191919191919191,-0.055222452931270996
Climate Crashes,2,1.4,0.9191919191919191,-0.05575414568436109
Climate Crashes,2,1.5,0.9191919191919191,-0.05607971291030364
Climate Crashes,2,1.6,0.9180695847362513,-0.05629269308092583
Climate Crashes,2,1.7,0.9180695847362513,-0.05643941074544155
Climate Crashes,2,1.8,0.9180695847362513,-0.05654472334974575
Climate Crashes,2,1.9,0.9180695847362513,-0.056622877282997926
Climate Crashes,2,2.0,0.9180695847362513,-0.05668249248803278
Climate Crashes,3,0.0,0.9809203142536476,-0.031810939543193195
Climate Crashes,3,0.1,0.9820426487093153,-0.031815805114907156
Climate Crashes,3,0.2,0.9820426487093153,-0.031825247764622366
Climate Crashes,3,0.3,0.9820426487093153,-0.03184168876778869
Climate Crashes,3,0.4,0.9820426487093153,-0.03186887155723166
Climate Crashes,3,0.5,0.9809203142536476,-0.031912633491579516
Climate Crashes,3,0.6,0.9809203142536476,-0.03198228660978452
Climate Crashes,3,0.7,0.9797979797979798,-0.03209375901596574
Climate Crashes,3,0.8,0.9797979797979798,-0.03227882361292676
Climate Crashes,3,0.9,0.9797979797979798,-0.032613297767115114
Climate Crashes,3,1.0,0.978675645342312,-0.03328254118888426
Climate Crashes,3,1.1,0.9820426487093155,-0.03462268356873097
Climate Crashes,3,1.2,0.9797979797979799,-0.0368425252707571
Climate Crashes,3,1.3,0.9741863075196409,-0.03954266111757623
Climate Crashes,3,1.4,0.9696969696969697,-0.04203067349226354
Climate Crashes,3,1.5,0.9652076318742986,-0.043964343656495625
Climate Crashes,3,1.6,0.9539842873176206,-0.04535727807733046
Climate Crashes,3,1.7,0.9438832772166106,-0.04634014069119163
Climate Crashes,3,1.8,0.9450056116722784,-0.047037554151101675
Climate Crashes,3,1.9,0.9427609427609428,-0.04754057619725239
Climate Crashes,3,2.0,0.9427609427609428,-0.04791062434927958
Climate Crashes,4,0.0,0.9955106621773288,-0.019322469724558554
Climate Crashes,4,0.1,0.9955106621773288,-0.019321553514430212
Climate Crashes,4,0.2,0.9955106621773288,-0.019321189821956807
Climate Crashes,4,0.3,0.9955106621773288,-0.019321851420195886
Climate Crashes,4,0.4,0.9955106621773288,-0.019324427756836387
Climate Crashes,4,0.5,0.9955106621773288,-0.019330707088070002
Climate Crashes,4,0.6,0.9955106621773288,-0.019344669640519337
Climate Crashes,4,0.7,0.9955106621773288,-0.019376757684999454
Climate Crashes,4,0.8,0.9955106621773288,-0.01946296866221639
Climate Crashes,4,0.9,0.9966329966329965,-0.01979127342590184
Climate Crashes,4,1.0,0.994388327721661,-0.02183048639473212
Climate Crashes,4,1.1,0.9932659932659932,-0.030397382192325236
Climate Crashes,4,1.2,0.9932659932659932,-0.036844651430753037
Climate Crashes,4,1.3,0.9910213243546576,-0.03884078462202659
Climate Crashes,4,1.4,0.9898989898989898,-0.0395304383777089
Climate Crashes,4,1.5,0.9898989898989898,-0.039820596259109324
Climate Crashes,4,1.6,0.9887766554433222,-0.03996015998855235
Climate Crashes,4,1.7,0.9887766554433222,-0.04003328179441167
Climate Crashes,4,1.8,0.9887766554433222,-0.040073652449568266
Climate Crashes,4,1.9,0.9887766554433222,-0.040096539056311685
Climate Crashes,4,2.0,0.9876543209876543,-0.0401095287330879
Phoneme,0,0.0,0.9298065965283169,-0.09464753938166913
Phoneme,0,0.1,0.9298231126232515,-0.09458033091858666
Phoneme,0,0.2,0.9299552413827276,-0.09450047072897265
Phoneme,0,0.3,0.93008324111847,-0.09440486479821537
Phoneme,0,0.4,0.9303474986374222,-0.09429029984962471
Phoneme,0,0.5,0.9306365302987761,-0.09415554437347536
Phoneme,0,0.6,0.9310246585297373,-0.09400952289694142
Phoneme,0,0.7,0.9311939485028161,-0.09389998246511862
Phoneme,0,0.8,0.9308801426990603,-0.09400822821797652
Phoneme,0,0.9,0.9219738385056238,-0.09881588038470124
Phoneme,0,1.0,0.8938758319982825,-0.12040183300874979
Phoneme,0,1.1,0.8770996085685501,-0.12984923902437712
Phoneme,0,1.2,0.871698845524964,-0.13276247902932053
Phoneme,0,1.3,0.8695517531834772,-0.13385410280816232
Phoneme,0,1.4,0.8686681421044808,-0.13433059176584447
Phoneme,0,1.5,0.8682222075412489,-0.1345588050476231
Phoneme,0,1.6,0.8678836275950914,-0.1346733564506635
Phoneme,0,1.7,0.8677308537169471,-0.13473106624380207
Phoneme,0,1.8,0.867664789337209,-0.13475852732656976
Phoneme,0,1.9,0.8676813054321436,-0.13476919057615253
Phoneme,0,2.0,0.8676524022660081,-0.13477027597603677
Phoneme,1,0.0,0.9584229745212954,-0.07232250255889926
Phoneme,1,0.1,0.958501281765952,-0.07222946344551076
Phoneme,1,0.2,0.9586249247838308,-0.07211447878111965
Phoneme,1,0.3,0.9586908677266995,-0.07196913091104601
Phoneme,1,0.4,0.9588309964802955,-0.07178049854515137
Phoneme,1,0.5,0.9591030111196287,-0.0715285017237195
Phoneme,1,0.6,0.9593626614571742,-0.0711839464133633
Phoneme,1,0.7,0.9595398831161338,-0.07072795146663563
Phoneme,1,0.8,0.9595027902107701,-0.07044858720265774
Phoneme,1,0.9,0.9527436385667302,-0.07952543279983103
Phoneme,1,1.0,0.901386450373814,-0.11914612133369071
Phoneme,1,1.1,0.8800415440540071,-0.12899557997878452
Phoneme,1,1.2,0.8750917019049267,-0.13116835603746876
Phoneme,1,1.3,0.8734843426725026,-0.1318274747457096
Phoneme,1,1.4,0.8729279490920482,-0.13205766932993362
Phoneme,1,1.5,0.8727589703009471,-0.1321363655697879
Phoneme,1,1.6,0.8727754560366643,-0.13215431000660813
Phoneme,1,1.7,0.8728207918098865,-0.13214627817821506
Phoneme,1,1.8,0.872899099054543,-0.13212707360524983
Phoneme,1,1.9,0.8730144992045632,-0.13210344821444894
Phoneme,1,2.0,0.873068077845644,-0.13207860856714915
Phoneme,2,0.0,0.9487381703470031,-0.08077810391206963
Phoneme,2,0.1,0.9488372669166102,-0.08070139675073751
Phoneme,2,0.2,0.9489446215336846,-0.08060526043986589
Phoneme,2,0.3,0.9490684922456933,-0.08048144100207985
Phoneme,2,0.4,0.949229524171305,-0.08031646480718205
Phoneme,2,0.5,0.9493946851206501,-0.08008717564838978
Phoneme,2,0.6,0.9496713297108031,-0.0797522587256758
Phoneme,2,0.7,0.9500222967281615,-0.07924557335359916
Phoneme,2,0.8,0.9509100368308916,-0.07868220014004218
Phoneme,2,0.9,0.9438328901514527,-0.09107560423179317
Phoneme,2,1.0,0.9023279435810196,-0.11940377206528179
Phoneme,2,1.1,0.8918567393925381,-0.12424192109982884
Phoneme,2,1.2,0.8891315837283432,-0.12543296480155033
Phoneme,2,1.3,0.8882314565544123,-0.1258542452935345
Phoneme,2,1.4,0.8877937800386477,-0.12603511979152796
Phoneme,2,1.5,0.8875625547095644,-0.12612171486202084
Phoneme,2,1.6,0.8874180388788876,-0.12616561802050447
Phoneme,2,1.7,0.8873808776652848,-0.12618822566898916
Phoneme,2,1.8,0.8874304259500884,-0.12619947301941897
Phoneme,2,1.9,0.8874262969263549,-0.1262043718648467
Phoneme,2,2.0,0.8874510710687564,-0.12620561380227788
Phoneme,3,0.0,0.9531149355046492,-0.07748794324970382
Phoneme,3,0.1,0.9531768708606536,-0.07743537779783499
Phoneme,3,0.2,0.9532635803590599,-0.07737532784384539
Phoneme,3,0.3,0.9533461608337325,-0.07730750347222617
Phoneme,3,0.4,0.953573257139082,-0.07723365695941772
Phoneme,3,0.5,0.9536723537086891,-0.07716195289940221
Phoneme,3,0.6,0.9538540307529688,-0.07712063348155197
Phoneme,3,0.7,0.9538127405156324,-0.07720237802544064
Phoneme,3,0.8,0.9534989347118767,-0.07770402061590291
Phoneme,3,0.9,0.9496589426396022,-0.08090484898963424
Phoneme,3,1.0,0.9287702115711761,-0.10186053399237191
Phoneme,3,1.1,0.9045452293259781,-0.11707303133332521
Phoneme,3,1.2,0.8949493781690258,-0.12208164707629605
Phoneme,3,1.3,0.8912415148562274,-0.12393772857053159
Phoneme,3,1.4,0.8895444861017061,-0.12474488285339887
Phoneme,3,1.5,0.8888549391381901,-0.12513613011738367
Phoneme,3,1.6,0.8884337787173601,-0.12533884245489163
Phoneme,3,1.7,0.8881984243645432,-0.12544743511478282
Phoneme,3,1.8,0.8881488760797398,-0.12550564005147083
Phoneme,3,1.9,0.8880745536525345,-0.12553546520403414
Phoneme,3,2.0,0.8879919731778618,-0.1255487190582222
Phoneme,4,0.0,0.9601218887806168,-0.07083818629258566
Phoneme,4,0.1,0.960163179017953,-0.07067859108734549
Phoneme,4,0.2,0.9602540175400929,-0.07048394560329502
Phoneme,4,0.3,0.96039853337077,-0.07024259491001579
Phoneme,4,0.4,0.960629758699853,-0.06993856233210496
Phoneme,4,0.5,0.9608362098865345,-0.06955226504403421
Phoneme,4,0.6,0.9612367251886964,-0.06907248374243287
Phoneme,4,0.7,0.9614142732092426,-0.06857294858915633
Phoneme,4,0.8,0.9608898871950717,-0.06876923101383048
Phoneme,4,0.9,0.9547087386658298,-0.07899943012059363
Phoneme,4,1.0,0.9248311229292945,-0.10670979340824831
Phoneme,4,1.1,0.9023857499132905,-0.11868368847108661
Phoneme,4,1.2,0.8937643483574742,-0.12278521834365756
Phoneme,4,1.3,0.8895527441491733,-0.12448158810724476
Phoneme,4,1.4,0.8875542966620972,-0.1253015937378428
Phoneme,4,1.5,0.8865592019422928,-0.12574327604829957
Phoneme,4,1.6,0.8859728805721175,-0.12599993136178472
Phoneme,4,1.7,0.88563430062596,-0.12615739508629883
Phoneme,4,1.8,0.8854154623680777,-0.12625786758759086
Phoneme,4,1.9,0.8852915916560689,-0.12632379135711577
Phoneme,4,2.0,0.8851842370389945,-0.12636786518087
