dataset,opt_lambda,opt_auc,fixed_auc,fixed_ratio,robustness_ratio
1StudentPerfromance,0.7,0.96171875,0.9608573717948719,0.6260869565217836,0.09523809523809523
2dplanes,0.7,0.98397205370271,0.9835812194529139,0.28445864081939226,0.047619047619047616
AVIDa-SARS-CoV-2,0.9,0.8969027888043776,0.89639687236801,0.26513522548868823,0.047619047619047616
Australian,1.5,0.9317516454710644,0.9300063924775162,0.32751608679909133,0.047619047619047616
Australian_seed_0_nrows_2000_nclasses_10_ncols_100_stratify_True,1.5,0.9317516454710644,0.9300063924775162,0.32751608679909133,0.047619047619047616
Australian_seed_1_nrows_2000_nclasses_10_ncols_100_stratify_True,1.5,0.9317516454710644,0.9300063924775162,0.32751608679909133,0.047619047619047616
Australian_seed_2_nrows_2000_nclasses_10_ncols_100_stratify_True,1.5,0.9317516454710644,0.9300063924775162,0.32751608679909133,0.047619047619047616
Australian_seed_3_nrows_2000_nclasses_10_ncols_100_stratify_True,1.5,0.9317516454710644,0.9300063924775162,0.32751608679909133,0.047619047619047616
Australian_seed_4_nrows_2000_nclasses_10_ncols_100_stratify_True,1.5,0.9317516454710644,0.9300063924775162,0.32751608679909133,0.047619047619047616
BNG(breast-w),0.7,0.9987846316108397,0.9987704402605606,0.6067326732670806,0.09523809523809523
BNG(tic-tac-toe),0.7,0.8717915343479271,0.8687926773085346,0.445224201312456,0.047619047619047616
Bank_Customer_Churn,0.7,0.8502951500824871,0.8500146344199925,0.4444476479767825,0.047619047619047616
Bioresponse,0.7,0.8661562196445918,0.8661147934403749,-1.230769230765092,0.047619047619047616
Bioresponse_seed_0_nrows_2000_nclasses_10_ncols_100_stratify_True,0.0,0.8199692780337943,0.8182770516985218,1.0,0.047619047619047616
Bioresponse_seed_1_nrows_2000_nclasses_10_ncols_100_stratify_True,0.0,0.7994611064944221,0.7985142655687341,1.0,0.047619047619047616
Bioresponse_seed_2_nrows_2000_nclasses_10_ncols_100_stratify_True,0.0,0.7911007025761123,0.7900480975044697,1.0,0.047619047619047616
Bioresponse_seed_3_nrows_2000_nclasses_10_ncols_100_stratify_True,0.0,0.8113419455566468,0.8108131248268741,1.0,0.047619047619047616
Bioresponse_seed_4_nrows_2000_nclasses_10_ncols_100_stratify_True,0.0,0.7763944499005314,0.7751504620885901,1.0,0.047619047619047616
BitcoinHeist_Ransomware,0.7,0.9345524554741939,0.9338886967216264,0.6568325334680427,0.09523809523809523
California-Housing-Classification,0.8,0.9632846702240995,0.9631580533351805,0.711489089750348,0.09523809523809523
CanadaFiresD,0.0,0.9934357149545837,0.9933139807098044,1.0,0.047619047619047616
Cardiovascular-Disease-dataset,0.2,0.7975517502209797,0.7975085991864813,-2.3099561678100824,0.09523809523809523
CodeXGLUE,0.6,0.7654606179883298,0.7654357470149431,0.955784925588176,0.14285714285714285
Credit-Risk-Classification-Dataset,1.3,0.5890864197530864,0.5876543209876542,0.016949152542331546,0.09523809523809523
Credit_Approval_Classification,0.3,0.8054523809523809,0.8049285714285714,0.3529411764706447,0.047619047619047616
Creditability-German-Credit-Data,0.0,0.7869285714285714,0.784,1.0,0.047619047619047616
Customer_Churn_Classification_Nominal,0.8,0.8803417375010824,0.8802457094673904,0.16026317426790945,0.047619047619047616
E-CommereShippingData,1.1,0.737323760602069,0.7345815973900971,-0.3480089911228339,0.09523809523809523
Employee,0.1,0.8589013911620296,0.8588707037643207,0.14285714285226983,0.09523809523809523
FICO-HELOC-cleaned,0.8,0.8052430571248956,0.8050160449340329,0.48556797020483433,0.047619047619047616
FOREX_audcad-day-Close,0.5,0.5123054070112893,0.5123054070112893,1.0,0.14285714285714285
FOREX_audcad-day-High,0.9,0.776235458890328,0.7750946548102345,0.5294072165624003,0.047619047619047616
FOREX_audcad-hour-Close,0.6,0.5288693126337275,0.5284291176408413,0.8453472844677475,0.047619047619047616
FOREX_audcad-hour-High,0.9,0.7627760568977446,0.7610573307873967,0.49448070161457197,0.047619047619047616
FOREX_audchf-day-Close,2.0,0.5068607068607068,0.5038491238491238,0.2798295454545507,0.09523809523809523
FOREX_audchf-day-High,0.4,0.6971900433671954,0.6970474662864611,0.8620689655172229,0.047619047619047616
FOREX_audchf-hour-Close,0.4,0.5122339714883226,0.5122084277944963,0.764880667114448,0.047619047619047616
FOREX_audchf-hour-High,0.0,0.721601502681335,0.7164805404184266,1.0,0.047619047619047616
FOREX_audjpy-day-Close,2.0,0.513922619047619,0.5106071428571429,-1.3601694915255527,0.047619047619047616
FOREX_audjpy-day-High,0.8,0.7504310088579752,0.7497413946852148,0.5105485232066812,0.047619047619047616
FOREX_audjpy-hour-Close,0.3,0.5109508664678879,0.510818843788256,0.4008611687342164,0.09523809523809523
FOREX_audjpy-hour-High,0.5,0.7409666489377724,0.7409666489377724,1.0,0.047619047619047616
FOREX_audnzd-day-Close,0.9,0.5272256913470116,0.5262563187630092,0.5710526315789268,0.14285714285714285
FOREX_audnzd-day-High,0.0,0.7372534915782534,0.731457171971468,1.0,0.047619047619047616
FOREX_audnzd-hour-Close,0.3,0.5243105351009449,0.5239379096455663,-0.9524095399235795,0.047619047619047616
FOREX_audnzd-hour-High,0.0,0.7342074853487641,0.7315476380626376,1.0,0.047619047619047616
FOREX_audsgd-day-Close,0.1,0.5216988416988417,0.5205167805167805,-15.583333333327102,0.047619047619047616
FOREX_audsgd-day-High,0.0,0.6970296441513693,0.6955801104972376,1.0,0.047619047619047616
FOREX_audsgd-hour-Close,0.3,0.5181876159005294,0.5180202952911438,0.059694504593779035,0.09523809523809523
FOREX_audsgd-hour-High,0.0,0.709496095026607,0.7052877841048041,1.0,0.047619047619047616
FOREX_audusd-day-Close,2.0,0.5373188405797101,0.5339094796863864,-0.21868365180462904,0.047619047619047616
FOREX_audusd-day-High,0.0,0.6803701043720677,0.6767384578772013,1.0,0.047619047619047616
FOREX_audusd-hour-Close,0.0,0.5144900916536995,0.513719976760284,1.0,0.047619047619047616
FOREX_audusd-hour-High,0.0,0.7019335945317005,0.6958961732833424,1.0,0.047619047619047616
FOREX_cadchf-day-Close,1.2,0.5049241748438894,0.49859649122807015,-0.6024096385541912,0.19047619047619047
FOREX_cadchf-day-High,0.0,0.698811010046965,0.6962606265977052,1.0,0.047619047619047616
FOREX_cadchf-hour-Close,0.2,0.5152288123732708,0.5149041064850375,-6.492071119650681,0.047619047619047616
FOREX_cadchf-hour-High,0.0,0.7161243118466396,0.7125469194095524,1.0,0.047619047619047616
FOREX_cadjpy-day-Close,0.3,0.4943989071038251,0.4938227607507722,-5.466666666665877,0.047619047619047616
FOREX_cadjpy-day-High,0.8,0.7362912805892136,0.7359230220955096,0.7316017316017716,0.047619047619047616
FOREX_cadjpy-hour-Close,0.0,0.5140422122467145,0.5135310100029647,1.0,0.047619047619047616
FOREX_cadjpy-hour-High,0.3,0.7316873153065019,0.7313304993998448,-1.1923195218379006,0.09523809523809523
FOREX_chfjpy-day-Close,1.2,0.5204276804276804,0.5156756756756756,0.31506849315068297,0.19047619047619047
FOREX_chfjpy-day-High,0.0,0.7167538333531439,0.7092059907286343,1.0,0.047619047619047616
FOREX_chfjpy-hour-Close,0.5,0.5200043278065632,0.5200043278065632,1.0,0.047619047619047616
FOREX_chfjpy-hour-High,0.0,0.7069031537276482,0.7025220786599435,1.0,0.047619047619047616
FOREX_chfsgd-day-Close,0.4,0.5264230540701129,0.5262685680332739,0.6285714285714362,0.09523809523809523
FOREX_chfsgd-day-High,1.0,0.7556586826347306,0.7535149700598802,0.4197730956239749,0.09523809523809523
FOREX_chfsgd-hour-Close,0.6,0.5335556359875705,0.5332650554018596,0.8905997321857378,0.047619047619047616
FOREX_chfsgd-hour-High,1.0,0.7521247369011036,0.7511630521162826,0.5141321886963665,0.09523809523809523
FOREX_euraud-day-Close,1.4,0.4882602738251286,0.48625620845528833,0.3313599939982319,0.047619047619047616
FOREX_euraud-day-High,0.0,0.7417409387997622,0.7397504456327985,1.0,0.047619047619047616
FOREX_euraud-hour-Close,0.4,0.5158227883195022,0.5158095731688468,0.9487443799931081,0.047619047619047616
FOREX_euraud-hour-High,0.0,0.7340106858586867,0.7322505687902023,1.0,0.047619047619047616
FOREX_eurcad-day-Close,1.6,0.5129229854296758,0.5099078203984538,0.11208406304733139,0.14285714285714285
FOREX_eurcad-day-High,1.0,0.7479159263279741,0.7447374613125711,0.40621531214348017,0.047619047619047616
FOREX_eurcad-hour-Close,0.2,0.5135941705812664,0.5133012147156253,-3.95212110542944,0.047619047619047616
FOREX_eurcad-hour-High,0.4,0.7385949291515128,0.7385073612034466,0.690181898682769,0.09523809523809523
FOREX_eurchf-day-Close,2.0,0.5536054259876249,0.5496192289386007,0.026162790697695785,0.047619047619047616
FOREX_eurchf-day-High,0.0,0.6842701993077933,0.6833691371285356,1.0,0.047619047619047616
FOREX_eurchf-hour-Close,0.3,0.5236240212009028,0.5233182520561853,-0.9308875632399694,0.047619047619047616
FOREX_eurchf-hour-High,0.0,0.6927897775729525,0.6859222256437153,1.0,0.047619047619047616
FOREX_eurdkk-day-Close,0.8,0.5145714962121213,0.5135890151515151,0.3941605839415704,0.047619047619047616
FOREX_eurdkk-day-High,0.6,0.7121631205673759,0.712080378250591,0.8691588785047155,0.047619047619047616
FOREX_eurdkk-hour-Close,0.0,0.5822843637155588,0.5807833787160124,1.0,0.047619047619047616
FOREX_eurdkk-hour-High,0.0,0.693344675977043,0.6906808137848088,1.0,0.047619047619047616
FOREX_eurgbp-day-Close,1.9,0.5226500297088532,0.5214913844325608,-2.25000000000109,0.09523809523809523
FOREX_eurgbp-day-High,0.6,0.7381699346405228,0.7381105169340463,0.9275362318840266,0.047619047619047616
FOREX_eurgbp-hour-Close,0.5,0.5184893970817763,0.5184893970817763,1.0,0.047619047619047616
FOREX_eurgbp-hour-High,0.0,0.7200436085358723,0.718215954647958,1.0,0.047619047619047616
FOREX_eurhkd-day-Close,2.0,0.5176407697790448,0.5050665241149918,0.15150300601202615,0.19047619047619047
FOREX_eurhkd-day-High,0.1,0.736577380952381,0.7361369047619049,-23.666666666459424,0.047619047619047616
FOREX_eurhkd-hour-Close,0.0,0.511812238840942,0.5114974707436769,1.0,0.047619047619047616
FOREX_eurhkd-hour-High,0.0,0.709849308373784,0.7050318270656211,1.0,0.047619047619047616
FOREX_eurhuf-day-Close,0.0,0.5082516485474959,0.5033505613972553,1.0,0.047619047619047616
FOREX_eurhuf-day-High,0.4,0.7452701094716802,0.7451808662541647,0.7272727272726964,0.047619047619047616
FOREX_eurhuf-hour-Close,0.7,0.6520523267844827,0.6518908020313501,0.7674960434375901,0.09523809523809523
FOREX_eurhuf-hour-High,1.2,0.7365318894557519,0.728435349055343,0.23533318451636503,0.09523809523809523
FOREX_eurjpy-day-Close,0.9,0.5235468917152026,0.5232081302745751,0.2191780821920227,0.047619047619047616
FOREX_eurjpy-day-High,0.7,0.7536304218657159,0.7529055258467023,0.6950000000000168,0.047619047619047616
FOREX_eurjpy-hour-Close,0.3,0.5134096136519999,0.5131849200401083,-0.4310681277841401,0.047619047619047616
FOREX_eurjpy-hour-High,0.0,0.7152042554573519,0.7116979284753153,1.0,0.047619047619047616
FOREX_eurnok-day-Close,0.0,0.5181214000886133,0.5163255058337025,1.0,0.047619047619047616
FOREX_eurnok-day-High,0.0,0.6978474275576583,0.6950561797752809,1.0,0.047619047619047616
FOREX_eurnok-hour-Close,0.4,0.5127922079209962,0.5127828254628052,0.917386040732993,0.047619047619047616
FOREX_eurnok-hour-High,0.0,0.6834313016758639,0.6786573707549343,1.0,0.047619047619047616
FOREX_eurnzd-day-Close,0.0,0.4919800095192765,0.49054021894336025,1.0,0.047619047619047616
FOREX_eurnzd-day-High,1.1,0.7683246073298429,0.7553962398857686,0.2008091210003622,0.047619047619047616
FOREX_eurnzd-hour-Close,0.2,0.5164893573246035,0.5157957877246577,-5.527254901957416,0.047619047619047616
FOREX_eurnzd-hour-High,0.9,0.7575543817527011,0.7564104180802755,0.5378165791526914,0.09523809523809523
FOREX_eurpln-day-Close,0.0,0.5283838383838384,0.5260071301247772,1.0,0.047619047619047616
FOREX_eurpln-day-High,1.0,0.7927119957094334,0.7856981109588225,0.3006535947712441,0.047619047619047616
FOREX_eurpln-hour-Close,0.1,0.5485856833762507,0.5477847273030247,-14.602759180372647,0.047619047619047616
FOREX_eurpln-hour-High,1.0,0.7212885469206627,0.7208463645805672,0.49661660134811125,0.09523809523809523
FOREX_eurrub-day-Close,2.0,0.5248871465906391,0.5202185792349727,-0.26366559485530644,0.047619047619047616
FOREX_eurrub-day-High,0.0,0.6838594613875513,0.6774091908923371,1.0,0.047619047619047616
FOREX_eurrub-hour-Close,0.9,0.7527628533513155,0.7520361400486756,0.26852455387342544,0.047619047619047616
FOREX_eurrub-hour-High,0.9,0.7620441424998017,0.7618728401622217,-0.05027374137703857,0.047619047619047616
FOREX_eursek-day-Close,0.0,0.5166208831782603,0.5159474228326688,1.0,0.047619047619047616
FOREX_eursek-day-High,0.7,0.7180721466587817,0.7180248373743348,0.9631336405530795,0.09523809523809523
FOREX_eursek-hour-Close,0.5,0.5229629018696835,0.5229629018696835,1.0,0.047619047619047616
FOREX_eursek-hour-High,0.1,0.7111390330905664,0.7096688252834771,-24.863584902712784,0.047619047619047616
FOREX_eursgd-day-Close,1.0,0.5316483516483517,0.5299851499851499,0.44664031620551387,0.09523809523809523
FOREX_eursgd-day-High,0.7,0.7389711567053225,0.7386202795123402,0.7478632478633304,0.047619047619047616
FOREX_eursgd-hour-Close,0.4,0.5254073795908438,0.5252479538857842,0.6952705123611166,0.047619047619047616
FOREX_eursgd-hour-High,0.2,0.7332580817754447,0.7328662169505125,-3.7942602040823643,0.047619047619047616
FOREX_eurtry-day-Close,1.9,0.5305525846702317,0.528389780154486,-0.9465240641712026,0.047619047619047616
FOREX_eurtry-day-High,0.0,0.6465656565656566,0.6404872251931075,1.0,0.047619047619047616
FOREX_eurtry-hour-Close,1.1,0.5196376721584084,0.5194608060465801,-1.0130452293755308,0.047619047619047616
FOREX_eurtry-hour-High,0.0,0.6293957979996009,0.6238356990698446,1.0,0.047619047619047616
FOREX_eurusd-day-Close,2.0,0.523460947654496,0.5200165425971878,-0.65624999999998,0.047619047619047616
FOREX_eurusd-day-High,0.7,0.7405835700757576,0.7384351325757575,0.7589641434262898,0.047619047619047616
FOREX_eurusd-hour-Close,0.1,0.5124202707646436,0.5121617381522635,-109.33777777870648,0.047619047619047616
FOREX_eurusd-hour-High,0.0,0.7066840671431303,0.7020535743038357,1.0,0.047619047619047616
FOREX_gbpusd-day-Close,0.0,0.5288225880048666,0.5284542787049418,1.0,0.047619047619047616
FOREX_gbpusd-day-High,0.4,0.7146999405822936,0.7145335710041592,0.786259541984576,0.047619047619047616
FOREX_gbpusd-hour-Close,0.2,0.5202383931555252,0.5199588372582485,-5.05412719891809,0.047619047619047616
FOREX_gbpusd-hour-High,0.0,0.6994877706022542,0.6933431987685048,1.0,0.047619047619047616
FOREX_nzdusd-day-Close,1.1,0.5007351183361225,0.4971671049486015,-0.44902912621357643,0.047619047619047616
FOREX_nzdusd-day-High,0.7,0.7369710733923022,0.7359909156108057,0.7252931323283107,0.09523809523809523
FOREX_nzdusd-hour-Close,0.0,0.5096308381272003,0.5087458485522277,1.0,0.047619047619047616
FOREX_nzdusd-hour-High,0.0,0.738456955596458,0.7363672068949952,1.0,0.047619047619047616
FOREX_usdcad-day-Close,0.6,0.5283333333333333,0.5282083333333334,0.7717391304348972,0.047619047619047616
FOREX_usdcad-day-High,0.0,0.7050902827274887,0.7004038964124495,1.0,0.047619047619047616
FOREX_usdcad-hour-Close,0.7,0.5114668559381318,0.5113057419356049,0.7220016171056298,0.047619047619047616
FOREX_usdcad-hour-High,0.2,0.6997387741771532,0.6978932170234854,-7.5142156155262745,0.047619047619047616
FOREX_usdchf-day-Close,2.0,0.5281534344335416,0.5243413618792745,-0.3784946236558791,0.047619047619047616
FOREX_usdchf-day-High,0.9,0.7817593252554051,0.7785162746495604,0.5111906893464567,0.047619047619047616
FOREX_usdchf-hour-Close,0.2,0.519193466374908,0.5185389082654938,-22.515197476711222,0.09523809523809523
FOREX_usdchf-hour-High,0.7,0.7455692778045995,0.7452653201943635,0.8332551728871055,0.09523809523809523
FOREX_usddkk-day-Close,0.1,0.5119268234735092,0.5110418151579947,-12.545454545444969,0.047619047619047616
FOREX_usddkk-day-High,0.7,0.713728753120171,0.7109295138476167,0.764500000000004,0.09523809523809523
FOREX_usddkk-hour-Close,0.0,0.5081677119374347,0.5074352153413988,1.0,0.047619047619047616
FOREX_usddkk-hour-High,0.0,0.716194968158913,0.7126684323863606,1.0,0.047619047619047616
FOREX_usdjpy-day-Close,2.0,0.4917660613388543,0.4881063774969653,-0.10990341849023566,0.19047619047619047
FOREX_usdjpy-day-High,0.0,0.7065217391304348,0.7038548348776431,1.0,0.047619047619047616
FOREX_usdjpy-hour-Close,0.0,0.5150981213617429,0.5146148908336134,1.0,0.047619047619047616
FOREX_usdjpy-hour-High,0.0,0.6881416516036709,0.6813404205147704,1.0,0.047619047619047616
Fitness_Club,0.6,0.8110415899889585,0.810663021189337,0.699999999999956,0.047619047619047616
GAMETES_Epistasis_2-Way_1000atts_0.4H_EDM-1_EDM-1_1,1.9,0.48996874999999995,0.48656249999999995,-0.41558441558444886,0.09523809523809523
GAMETES_Epistasis_2-Way_20atts_0.1H_EDM-1_1,0.9,0.6278671874999999,0.62553125,0.5200642054574688,0.14285714285714285
GAMETES_Epistasis_2-Way_20atts_0.4H_EDM-1_1,0.8,0.7829375000000001,0.779296875,0.5775158658204854,0.047619047619047616
GAMETES_Epistasis_3-Way_20atts_0.2H_EDM-1_1,0.0,0.573421875,0.5702109375,1.0,0.047619047619047616
GAMETES_Heterogeneity_20atts_1600_Het_0.4_0.2_50_EDM-2_001,0.7,0.68925,0.6883046875,0.7599206349206188,0.09523809523809523
GAMETES_Heterogeneity_20atts_1600_Het_0.4_0.2_75_EDM-2_001,0.8,0.70534375,0.7042499999999999,0.4190871369293984,0.047619047619047616
German-Credit-Data-Creditability,0.0,0.7712380952380953,0.7677857142857143,1.0,0.047619047619047616
German-Credit-Data-Creditability-2,0.0,0.7869285714285714,0.784,1.0,0.047619047619047616
German-Credit-Data-Creditability-Preprocessed-Dataset,0.0,0.7883571428571429,0.7873809523809524,1.0,0.047619047619047616
German-Credit-Risk-with-Target,0.7,0.7492857142857143,0.7479285714285714,0.10937499999991804,0.047619047619047616
HMEQ_Data,0.9,0.9720293148706023,0.9715175378327432,0.36433260393874656,0.047619047619047616
HMEQ_Data_New,0.8,0.9690379296372637,0.9688837799270651,0.3859649122804845,0.047619047619047616
HMEQ_Data_Preprocessed,0.9,0.9728581998837271,0.972269788418512,0.4093722369583539,0.047619047619047616
HR_Analytics_Job_Change_of_Data_Scientists,0.4,0.8019333728054805,0.8019146532265141,0.06756605562359717,0.047619047619047616
Higgs_seed_0_nrows_2000_nclasses_10_ncols_100_stratify_True,0.0,0.74185,0.74105,1.0,0.047619047619047616
Higgs_seed_1_nrows_2000_nclasses_10_ncols_100_stratify_True,0.0,0.7242999999999999,0.72374,1.0,0.047619047619047616
Higgs_seed_2_nrows_2000_nclasses_10_ncols_100_stratify_True,0.0,0.74421,0.743455,1.0,0.047619047619047616
Higgs_seed_3_nrows_2000_nclasses_10_ncols_100_stratify_True,0.0,0.74409,0.7423150000000001,1.0,0.047619047619047616
Higgs_seed_4_nrows_2000_nclasses_10_ncols_100_stratify_True,0.0,0.726565,0.72564,1.0,0.047619047619047616
JapaneseVowels,0.7,0.9994468029884503,0.9994349381731892,0.49206349205941813,0.047619047619047616
KDDCup09_upselling,0.8,0.8921278722037929,0.891598934524963,0.6578171091445795,0.09523809523809523
KDDCup09_upselling_seed_0_nrows_2000_nclasses_10_ncols_100_stratify_True,0.8,0.8854049999999999,0.88429,0.5816135084427966,0.047619047619047616
KDDCup09_upselling_seed_1_nrows_2000_nclasses_10_ncols_100_stratify_True,0.7,0.879425,0.878895,0.7022471910112195,0.047619047619047616
KDDCup09_upselling_seed_2_nrows_2000_nclasses_10_ncols_100_stratify_True,0.8,0.894925,0.893815,0.5099337748344533,0.047619047619047616
KDDCup09_upselling_seed_3_nrows_2000_nclasses_10_ncols_100_stratify_True,0.8,0.8912950000000001,0.89072,0.5979020979020376,0.047619047619047616
KDDCup09_upselling_seed_4_nrows_2000_nclasses_10_ncols_100_stratify_True,0.8,0.892305,0.8917400000000001,0.443349753694647,0.047619047619047616
Loan-Predication,0.0,0.7783498716625651,0.7753618964454877,1.0,0.047619047619047616
Loan_Approval_Status,0.7,0.9770078,0.9768743285714286,0.7168873670496616,0.047619047619047616
Loan_Approval_Status_Classification,0.7,0.9770078,0.9768743285714286,0.7168873670496616,0.047619047619047616
Loan_Status,0.7,0.9770078,0.9768743285714286,0.7168873670496616,0.047619047619047616
MIC,0.1,0.8758019264537769,0.8753240292016861,-3.2921240383144466,0.047619047619047616
MagicTelescope,0.7,0.9346156166422007,0.9344802161046204,0.652821541105754,0.047619047619047616
MagicTelescope_seed_0_nrows_2000_nclasses_10_ncols_100_stratify_True,0.1,0.904875,0.904725,-6.500000000033307,0.047619047619047616
MagicTelescope_seed_1_nrows_2000_nclasses_10_ncols_100_stratify_True,0.0,0.913795,0.9137000000000001,1.0,0.047619047619047616
MagicTelescope_seed_2_nrows_2000_nclasses_10_ncols_100_stratify_True,0.0,0.8977599999999999,0.897255,1.0,0.047619047619047616
MagicTelescope_seed_3_nrows_2000_nclasses_10_ncols_100_stratify_True,0.4,0.9214549999999999,0.9214249999999999,0.8666666666667983,0.047619047619047616
MagicTelescope_seed_4_nrows_2000_nclasses_10_ncols_100_stratify_True,0.0,0.9116949999999999,0.9115949999999999,1.0,0.09523809523809523
Mammographic-Mass-Data-Set,0.1,0.8798401037165082,0.8795159896283492,-3.999999999994862,0.047619047619047616
MiniBooNE,0.7,0.9821253011822104,0.9820998292362546,0.7715276375164362,0.047619047619047616
MiniBooNE_seed_0_nrows_2000_nclasses_10_ncols_100_stratify_True,0.3,0.960225,0.9600950000000001,-0.6249999999987856,0.047619047619047616
MiniBooNE_seed_1_nrows_2000_nclasses_10_ncols_100_stratify_True,0.8,0.9597325,0.9594925,0.5428571428571066,0.047619047619047616
MiniBooNE_seed_2_nrows_2000_nclasses_10_ncols_100_stratify_True,0.7,0.973575,0.973425,0.5312500000000325,0.047619047619047616
MiniBooNE_seed_3_nrows_2000_nclasses_10_ncols_100_stratify_True,0.9,0.965995,0.9658149999999999,0.3684210526311484,0.047619047619047616
MiniBooNE_seed_4_nrows_2000_nclasses_10_ncols_100_stratify_True,0.8,0.9669275,0.9668524999999999,0.6938775510199643,0.047619047619047616
NATICUSdroid,0.7,0.9846594309181578,0.9845776865160849,0.6415094339626316,0.047619047619047616
NewspaperChurn,0.7,0.8955573652169118,0.8955386123790895,0.6237208663576805,0.047619047619047616
PhishingWebsites,0.7,0.9960862200279962,0.9960714646911819,0.7534636411231617,0.047619047619047616
PhishingWebsites_seed_0_nrows_2000_nclasses_10_ncols_100_stratify_True,0.7,0.9885688226799422,0.98844721441058,0.6842105263161992,0.047619047619047616
PhishingWebsites_seed_1_nrows_2000_nclasses_10_ncols_100_stratify_True,0.7,0.9877682349066405,0.9877682349066402,0.9999999999989312,0.14285714285714285
PhishingWebsites_seed_2_nrows_2000_nclasses_10_ncols_100_stratify_True,0.6,0.9839198398824454,0.9838793037926579,0.3846153846138288,0.047619047619047616
PhishingWebsites_seed_3_nrows_2000_nclasses_10_ncols_100_stratify_True,0.0,0.983940107927339,0.9837526285120722,1.0,0.047619047619047616
PhishingWebsites_seed_4_nrows_2000_nclasses_10_ncols_100_stratify_True,0.7,0.988348407691723,0.9880038509285297,0.10526315789456993,0.047619047619047616
Phishing_Legitimate_full,0.6,0.9986346000000001,0.9986231999999999,0.6481481481431351,0.047619047619047616
PostPartum_Depression,0.7,0.9933846601618279,0.9916638016840027,0.3959771546390753,0.047619047619047616
Pumpkin_Seeds,0.1,0.9401987179487179,0.9399455128205128,-12.166666666704192,0.047619047619047616
REASONER,0.6,0.900449984490948,0.9004164728035157,0.8832792124112377,0.09523809523809523
Run_or_walk_information,0.6,0.9990773516139466,0.9989895578821988,0.5550978239810026,0.09523809523809523
Skin_Cancer_PAD-UFES-20,0.7,0.9916955243779546,0.9915128090794447,0.6412348197593596,0.047619047619047616
South_Asian_Churn_dataset,0.0,0.822235,0.821185,1.0,0.047619047619047616
SpeedDating,0.7,0.8696490683229813,0.8695812629399586,0.5287769784176963,0.047619047619047616
StudentsPerformance,0.7,0.96171875,0.9608573717948719,0.6260869565217836,0.09523809523809523
Support2,0.7,0.9789128865693189,0.9788384875909166,0.8005952380948981,0.047619047619047616
Test_Dataset,1.7,0.2766574306385078,0.25458918423250987,0.32723050605919884,0.19047619047619047
Titanic,0.0,0.7825855352700991,0.7825855352700991,1.0,0.42857142857142855
Tour-and-Travels-Customer-Churn-Prediction,0.8,0.9515981735159817,0.9498934550989346,0.3333333333333333,0.047619047619047616
USPS,0.0,0.9989558824065867,0.9989263306089796,1.0,0.047619047619047616
WMO-Hurricane-Survival-Dataset,0.6,0.5113224149411801,0.511310524146241,0.680851063833084,0.047619047619047616
abalone,0.6,0.8830986721611722,0.8830345695970696,0.8703703703703038,0.047619047619047616
ada,0.0,0.9175504107542942,0.9171738859845655,1.0,0.047619047619047616
ada_prior,0.5,0.8884512143435096,0.8884512143435096,1.0,0.047619047619047616
ada_seed_0_nrows_2000_nclasses_10_ncols_100_stratify_True,0.2,0.9069163394744791,0.9065471995704554,-3.230769230765707,0.047619047619047616
ada_seed_1_nrows_2000_nclasses_10_ncols_100_stratify_True,0.1,0.8995872344709553,0.8991442665861271,-20.999999999939348,0.047619047619047616
ada_seed_2_nrows_2000_nclasses_10_ncols_100_stratify_True,0.0,0.9087888855330716,0.9074264237054935,1.0,0.047619047619047616
ada_seed_3_nrows_2000_nclasses_10_ncols_100_stratify_True,0.1,0.9221584616933454,0.9219101312124568,-36.00000000051279,0.047619047619047616
ada_seed_4_nrows_2000_nclasses_10_ncols_100_stratify_True,0.6,0.9095674351488305,0.9094264908218396,0.5882352941173609,0.047619047619047616
adult,0.8,0.923546390119582,0.9231072315257599,0.6211167169872247,0.047619047619047616
adult-census,0.8,0.9194109269194197,0.9189985066653467,0.6353190616237552,0.09523809523809523
adult-test,0.8,0.9237722144959749,0.9233486426996057,0.63139018843732,0.09523809523809523
adult_seed_0_nrows_2000_nclasses_10_ncols_100_stratify_True,0.7,0.8823533442982457,0.8821888706140351,0.724137931034258,0.09523809523809523
adult_seed_1_nrows_2000_nclasses_10_ncols_100_stratify_True,0.0,0.9017886513157896,0.9011992872807018,1.0,0.047619047619047616
adult_seed_2_nrows_2000_nclasses_10_ncols_100_stratify_True,0.8,0.9038171600877194,0.9031112938596492,0.40804597701148837,0.047619047619047616
adult_seed_3_nrows_2000_nclasses_10_ncols_100_stratify_True,0.6,0.8926946271929825,0.8924753289473685,0.6981132075471669,0.047619047619047616
adult_seed_4_nrows_2000_nclasses_10_ncols_100_stratify_True,0.1,0.9105605811403509,0.9102933114035088,-37.999999999303384,0.047619047619047616
ailerons,0.7,0.9572637251052653,0.9572306900800152,0.7644787644790609,0.09523809523809523
airlines,1.4,0.66118436782351,0.6609849995319699,-1.5165028089919836,0.047619047619047616
airlines_seed_0_nrows_2000_nclasses_10_ncols_100_stratify_True,0.0,0.6134654317238587,0.611597833788845,1.0,0.047619047619047616
airlines_seed_1_nrows_2000_nclasses_10_ncols_100_stratify_True,0.0,0.6106918716469278,0.609011539629517,1.0,0.047619047619047616
airlines_seed_2_nrows_2000_nclasses_10_ncols_100_stratify_True,0.0,0.6610689341026419,0.6605830549650774,1.0,0.047619047619047616
airlines_seed_3_nrows_2000_nclasses_10_ncols_100_stratify_True,0.5,0.6323210851300739,0.6323210851300739,1.0,0.09523809523809523
airlines_seed_4_nrows_2000_nclasses_10_ncols_100_stratify_True,0.0,0.6097049296487499,0.6078373317137362,1.0,0.047619047619047616
albert,0.0,0.7109674406132639,0.710471985136925,1.0,0.047619047619047616
analcatdata_authorship,0.0,0.9999702380952382,0.9999404761904762,1.0,0.23809523809523808
analcatdata_dmft,0.4,0.47614403600900224,0.47579394848712175,0.8906249999999951,0.047619047619047616
autoUniv-au1-1000,1.8,0.699506237006237,0.6926975051975053,-0.26570048309178085,0.09523809523809523
balance-scale,0.7,0.9948444231283,0.9945352239549556,0.6003089598351486,0.047619047619047616
balloon,0.8,0.8754205100379815,0.8742946283233858,-1.5937500000003677,0.047619047619047616
banana,0.6,0.9679665317139001,0.967791632928475,0.4426605504586961,0.047619047619047616
bank-marketing_seed_0_nrows_2000_nclasses_10_ncols_100_stratify_True,0.7,0.86875,0.868165,0.4729729729728946,0.047619047619047616
bank-marketing_seed_1_nrows_2000_nclasses_10_ncols_100_stratify_True,0.2,0.86546,0.8651249999999999,-2.3500000000049406,0.047619047619047616
bank-marketing_seed_2_nrows_2000_nclasses_10_ncols_100_stratify_True,0.0,0.86922,0.8687400000000001,1.0,0.047619047619047616
bank-marketing_seed_3_nrows_2000_nclasses_10_ncols_100_stratify_True,0.0,0.85518,0.8541000000000001,1.0,0.047619047619047616
bank-marketing_seed_4_nrows_2000_nclasses_10_ncols_100_stratify_True,0.4,0.8517250000000001,0.8516499999999999,0.7321428571423474,0.047619047619047616
bank32nh,0.7,0.8968461498339622,0.8964292296190692,0.4454209065681381,0.047619047619047616
bank8FM,0.7,0.9905809448122529,0.9904136529916169,0.4163969795039991,0.047619047619047616
banknote-authentication,0.0,1.0,1.0,1.0,0.3333333333333333
blastchar,0.7,0.8450355214549587,0.8448800020667029,0.6766917293235304,0.09523809523809523
blood-transfusion-service-center,0.0,0.7468211894470476,0.7457815371762739,1.0,0.047619047619047616
blood-transfusion-service-center_seed_0_nrows_2000_nclasses_10_ncols_100_stratify_True,1.3,0.7448613260203649,0.7392903696439166,0.06779770901119743,0.047619047619047616
blood-transfusion-service-center_seed_1_nrows_2000_nclasses_10_ncols_100_stratify_True,1.3,0.7448613260203649,0.7392903696439166,0.06779770901119743,0.047619047619047616
blood-transfusion-service-center_seed_2_nrows_2000_nclasses_10_ncols_100_stratify_True,1.3,0.7448613260203649,0.7392903696439166,0.06779770901119743,0.047619047619047616
blood-transfusion-service-center_seed_3_nrows_2000_nclasses_10_ncols_100_stratify_True,1.3,0.7448613260203649,0.7392903696439166,0.06779770901119743,0.047619047619047616
blood-transfusion-service-center_seed_4_nrows_2000_nclasses_10_ncols_100_stratify_True,1.3,0.7448613260203649,0.7392903696439166,0.06779770901119743,0.047619047619047616
boston,0.0,0.9481746031746031,0.9478571428571427,1.0,0.047619047619047616
boston_corrected,0.1,0.9504873294346978,0.9494736842105264,-5.499999999997864,0.047619047619047616
breast-w,0.6,0.9919954878750353,0.991816075450725,0.4309461679714942,0.047619047619047616
bwin_amlb,1.7,0.6193158953722334,0.6172233400402415,-0.44444444444439335,0.047619047619047616
california,0.7,0.9669265050145232,0.9667862054582962,0.7120408753493427,0.09523809523809523
california_seed_0_nrows_2000_nclasses_10_ncols_100_stratify_True,0.1,0.946265,0.9462550000000001,-0.9999999999777955,0.047619047619047616
california_seed_1_nrows_2000_nclasses_10_ncols_100_stratify_True,0.8,0.9364600000000001,0.9359299999999999,0.509259259259165,0.047619047619047616
california_seed_2_nrows_2000_nclasses_10_ncols_100_stratify_True,0.8,0.925295,0.925025,0.5462184873949799,0.047619047619047616
california_seed_3_nrows_2000_nclasses_10_ncols_100_stratify_True,0.3,0.93796,0.937805,-0.34782608695564027,0.047619047619047616
california_seed_4_nrows_2000_nclasses_10_ncols_100_stratify_True,0.3,0.93812,0.937985,-1.249999999997687,0.047619047619047616
car,0.7,0.9999443738080102,0.9997774952320407,0.6112710243603269,0.047619047619047616
christine,0.0,0.8138076823572664,0.8135503329203033,1.0,0.047619047619047616
christine_seed_0_nrows_2000_nclasses_10_ncols_100_stratify_True,0.4,0.7988649999999999,0.7988299999999999,0.9222222222221975,0.047619047619047616
christine_seed_1_nrows_2000_nclasses_10_ncols_100_stratify_True,0.0,0.76827,0.766555,1.0,0.047619047619047616
christine_seed_2_nrows_2000_nclasses_10_ncols_100_stratify_True,0.0,0.77964,0.7794000000000001,1.0,0.047619047619047616
christine_seed_3_nrows_2000_nclasses_10_ncols_100_stratify_True,0.0,0.74157,0.7392350000000001,1.0,0.047619047619047616
christine_seed_4_nrows_2000_nclasses_10_ncols_100_stratify_True,0.1,0.7759649999999999,0.77134,-924.000000014455,0.047619047619047616
click_prediction_small,1.2,0.6426425679386083,0.64154585488704,0.23015261776399673,0.09523809523809523
cmc,0.0,0.7409739832816755,0.7403916596224288,1.0,0.047619047619047616
colleges_aaup,0.5,0.9994040315512708,0.9994040315512708,1.0,0.047619047619047616
colleges_usnews,0.0,0.823812890302816,0.8216095204430305,1.0,0.047619047619047616
communities-and-crime-binary,0.8,0.9279289940828402,0.9259428865448932,0.16989247311824424,0.047619047619047616
compas-two-years,0.3,0.7162224858203546,0.7161569011655444,-15.200000000153572,0.047619047619047616
compass,0.0,0.8358902171402172,0.8357309713559713,1.0,0.047619047619047616
compass_seed_0_nrows_2000_nclasses_10_ncols_100_stratify_True,0.0,0.78366,0.782445,1.0,0.047619047619047616
compass_seed_1_nrows_2000_nclasses_10_ncols_100_stratify_True,0.0,0.757045,0.75612,1.0,0.047619047619047616
compass_seed_2_nrows_2000_nclasses_10_ncols_100_stratify_True,0.0,0.749495,0.74908,1.0,0.047619047619047616
compass_seed_3_nrows_2000_nclasses_10_ncols_100_stratify_True,0.7,0.7609549999999999,0.760555,0.5454545454545914,0.047619047619047616
compass_seed_4_nrows_2000_nclasses_10_ncols_100_stratify_True,0.0,0.784975,0.78465,1.0,0.047619047619047616
covertype_seed_0_nrows_2000_nclasses_10_ncols_100_stratify_True,0.4,0.8652,0.865095,0.6911764705881777,0.047619047619047616
covertype_seed_1_nrows_2000_nclasses_10_ncols_100_stratify_True,0.1,0.885275,0.884455,-19.49999999998057,0.047619047619047616
covertype_seed_2_nrows_2000_nclasses_10_ncols_100_stratify_True,0.6,0.8707049999999998,0.8704050000000001,-1.6086956521747526,0.047619047619047616
covertype_seed_3_nrows_2000_nclasses_10_ncols_100_stratify_True,0.0,0.8658950000000001,0.86378,1.0,0.047619047619047616
covertype_seed_4_nrows_2000_nclasses_10_ncols_100_stratify_True,0.2,0.8677149999999999,0.867055,-7.250000000024633,0.047619047619047616
cpu_act,0.7,0.9858810995399768,0.9857862021279598,0.43605870020931303,0.047619047619047616
cpu_small,0.7,0.9797159427652188,0.9795808286061016,0.44812680115273057,0.047619047619047616
credit,0.1,0.849081717677579,0.8489802112593381,-11.119658119619258,0.047619047619047616
credit-approval,0.4,0.9331960706776314,0.932643745800249,-1.6142429426851512,0.047619047619047616
credit-approval_reproduced,0.1,0.9327303975770395,0.9320939963484983,-3.997870981482793,0.047619047619047616
credit-g,0.0,0.7864285714285714,0.7838571428571428,1.0,0.047619047619047616
credit-g_copy,0.1,0.8029285714285714,0.801952380952381,-12.666666666658895,0.047619047619047616
credit-g_reproduced_1,0.1,0.8029285714285714,0.801952380952381,-12.666666666658895,0.047619047619047616
credit-g_seed_0_nrows_2000_nclasses_10_ncols_100_stratify_True,0.1,0.8029285714285714,0.801952380952381,-12.666666666658895,0.047619047619047616
credit-g_seed_1_nrows_2000_nclasses_10_ncols_100_stratify_True,0.1,0.8029285714285714,0.801952380952381,-12.666666666658895,0.047619047619047616
credit-g_seed_2_nrows_2000_nclasses_10_ncols_100_stratify_True,0.1,0.8029285714285714,0.801952380952381,-12.666666666658895,0.047619047619047616
credit-g_seed_3_nrows_2000_nclasses_10_ncols_100_stratify_True,0.1,0.8029285714285714,0.801952380952381,-12.666666666658895,0.047619047619047616
credit-g_seed_4_nrows_2000_nclasses_10_ncols_100_stratify_True,0.1,0.8029285714285714,0.801952380952381,-12.666666666658895,0.047619047619047616
credit_card_clients_default,0.0,0.7722151383204611,0.772177531913439,1.0,0.047619047619047616
credit_seed_0_nrows_2000_nclasses_10_ncols_100_stratify_True,0.9,0.8183299999999999,0.81735,0.5124378109453278,0.09523809523809523
credit_seed_1_nrows_2000_nclasses_10_ncols_100_stratify_True,0.5,0.835805,0.835805,1.0,0.047619047619047616
credit_seed_2_nrows_2000_nclasses_10_ncols_100_stratify_True,0.8,0.85411,0.8523949999999999,0.3961267605633236,0.047619047619047616
credit_seed_3_nrows_2000_nclasses_10_ncols_100_stratify_True,0.2,0.844775,0.8445500000000001,-3.0909090909056043,0.047619047619047616
credit_seed_4_nrows_2000_nclasses_10_ncols_100_stratify_True,0.7,0.8358549999999999,0.835685,0.6382978723406316,0.047619047619047616
cylinder-bands,0.0,0.8944178781065176,0.8934344288855742,1.0,0.047619047619047616
dataset_credit,0.1,0.849081717677579,0.8489802112593381,-11.119658119619258,0.047619047619047616
dataset_credit-approval,0.0,0.9343418097669538,0.9339172260009189,1.0,0.047619047619047616
dataset_credit-g,0.1,0.8029285714285714,0.801952380952381,-12.666666666658895,0.047619047619047616
dataset_default_of_credit_card_clients,0.0,0.7728543666086068,0.7728279518167105,1.0,0.047619047619047616
default-of-credit-card-clients,0.0,0.7728543666086068,0.7728279518167105,1.0,0.047619047619047616
delta_ailerons,0.0,0.9781386135986248,0.9780098955181886,1.0,0.047619047619047616
delta_elevators,0.0,0.9467530418336958,0.9466877197860702,1.0,0.047619047619047616
depression_2020,0.9,0.49343941239809375,0.4932797656140708,0.8391625410792249,0.14285714285714285
dgf_test,0.7,0.9991367800031051,0.9989939450395902,0.42500000000035754,0.047619047619047616
diabetes,0.3,0.8256846420491106,0.8251258345960382,-3.8449310137989214,0.047619047619047616
diabetes_risk_prediction_dataset,0.4,0.9946093749999999,0.994453125,-1.0,0.047619047619047616
digits_wrote,0.8,0.9901506151711763,0.9896571490284366,0.28947368421058944,0.047619047619047616
disclosure_x_bias,0.3,0.521875,0.5213315217391304,0.14285714285714285,0.047619047619047616
disclosure_x_noise,2.0,0.49280868385346005,0.47562189054726367,-0.40221402214021723,0.09523809523809523
disclosure_x_tampered,0.6,0.49276345545002254,0.4921302578018996,-0.16666666666664962,0.047619047619047616
disclosure_z,0.7,0.5408163265306122,0.5402267573696145,0.7592592592592534,0.047619047619047616
doa_bwin,1.7,0.6193963782696177,0.6170623742454728,-0.5263157894736727,0.047619047619047616
doa_bwin_balanced,0.1,0.7631025590160683,0.7625867883356476,-1.6000000000006716,0.047619047619047616
dresses-sales,2.0,0.5412151067323482,0.5227422003284072,-0.5517241379310306,0.047619047619047616
dummy,0.7,0.9993150684931507,0.9992643328259767,0.8333333333335765,0.047619047619047616
eeg-eye-state,0.7,0.9884997384891069,0.9879815240547322,0.6171546400937341,0.047619047619047616
electrical_grid_stability_simulated_classification,0.8,0.9924832002632537,0.9922983165624621,0.4776758409785014,0.047619047619047616
electricity,0.8,0.9685568364149078,0.9679462139950832,0.5716830932523458,0.09523809523809523
electricity_seed_0_nrows_2000_nclasses_10_ncols_100_stratify_True,0.5,0.90251,0.90251,1.0,0.047619047619047616
electricity_seed_1_nrows_2000_nclasses_10_ncols_100_stratify_True,0.7,0.91349,0.9133949999999998,0.6274509803916276,0.047619047619047616
electricity_seed_2_nrows_2000_nclasses_10_ncols_100_stratify_True,0.5,0.89269,0.89269,1.0,0.047619047619047616
electricity_seed_3_nrows_2000_nclasses_10_ncols_100_stratify_True,0.1,0.8744399999999999,0.8742150000000001,-21.50000000008327,0.047619047619047616
electricity_seed_4_nrows_2000_nclasses_10_ncols_100_stratify_True,0.0,0.8893549999999999,0.88935,1.0,0.09523809523809523
elevators,0.8,0.949544875945555,0.9491318993016785,0.5962113659022417,0.09523809523809523
eucalyptus,0.4,0.8603322259136211,0.8602879291251384,0.6666666666672236,0.047619047619047616
eye_movements,0.0,0.701285568991627,0.6997135313690922,1.0,0.047619047619047616
eye_movements_seed_0_nrows_2000_nclasses_10_ncols_100_stratify_True,0.0,0.599715,0.59668,1.0,0.047619047619047616
eye_movements_seed_1_nrows_2000_nclasses_10_ncols_100_stratify_True,0.0,0.644915,0.64266,1.0,0.047619047619047616
eye_movements_seed_2_nrows_2000_nclasses_10_ncols_100_stratify_True,0.1,0.58731,0.5868,-33.00000000002961,0.047619047619047616
eye_movements_seed_3_nrows_2000_nclasses_10_ncols_100_stratify_True,0.1,0.608415,0.60774,-3.3548387096806773,0.047619047619047616
eye_movements_seed_4_nrows_2000_nclasses_10_ncols_100_stratify_True,0.0,0.601385,0.600515,1.0,0.047619047619047616
fri_c0_1000_10,0.0,0.9560824329731892,0.9555422168867548,1.0,0.047619047619047616
fri_c0_1000_25,0.8,0.9502150215021501,0.9491349134913492,0.6000000000000328,0.047619047619047616
fri_c0_1000_5,0.8,0.9688368836883688,0.9682168216821682,0.4150943396225625,0.047619047619047616
fri_c0_1000_50,0.7,0.9515206082432973,0.94749899959984,0.5592105263157889,0.09523809523809523
fri_c0_500_10,0.8,0.9520833333333334,0.9502403846153846,0.30303030303029665,0.09523809523809523
fri_c0_500_25,0.7,0.9181272509003602,0.9172468987595039,0.6562500000000542,0.047619047619047616
fri_c0_500_5,0.5,0.97384,0.97384,1.0,0.047619047619047616
fri_c0_500_50,0.0,0.9363745498199278,0.9354141656662666,1.0,0.047619047619047616
fri_c1_1000_10,0.8,0.9780083409622622,0.9774183704607873,0.5857142857142712,0.09523809523809523
fri_c1_1000_25,0.1,0.9687468494807945,0.9686258695433008,-0.4999999999993117,0.09523809523809523
fri_c1_1000_5,0.7,0.9785907943716081,0.9774617862820895,0.36362752488138217,0.047619047619047616
fri_c1_1000_50,0.9,0.9704535770040357,0.9692413783973418,0.6026135534352124,0.09523809523809523
fri_c1_500_10,0.6,0.9622626262626263,0.9621010101010101,0.8461538461538542,0.14285714285714285
fri_c1_500_25,0.5,0.9295916507155229,0.9295916507155229,1.0,0.09523809523809523
fri_c1_500_5,0.7,0.9705585518494602,0.9683061598243208,0.22213540213199404,0.047619047619047616
fri_c1_500_50,0.0,0.9153495854306272,0.915107592461065,1.0,0.047619047619047616
fri_c2_1000_10,0.8,0.9766009852216749,0.976190476190476,0.7222222222221095,0.09523809523809523
fri_c2_1000_25,1.2,0.9694446680557262,0.9671255768758249,0.2874639303404213,0.09523809523809523
fri_c2_1000_5,0.6,0.9785809906291835,0.9784780146225929,0.5454545454541445,0.047619047619047616
fri_c2_1000_50,0.8,0.9532925563565364,0.9526147282067514,0.7627551982884201,0.047619047619047616
fri_c2_500_10,0.8,0.9577315381476948,0.9573235414116688,0.44444444444446124,0.047619047619047616
fri_c2_500_25,0.8,0.9274485077763768,0.9270281630937369,0.7222222222222059,0.047619047619047616
fri_c2_500_5,0.6,0.9702977814523909,0.9694664117403885,0.4109736154840423,0.047619047619047616
fri_c2_500_50,0.8,0.9374948325754444,0.9354278627532038,0.5454545454545388,0.047619047619047616
fri_c3_1000_10,0.7,0.9713068181818182,0.9705154220779221,0.589473684210516,0.09523809523809523
fri_c3_1000_25,0.7,0.9657919428986844,0.9654677400112792,0.5999533632921895,0.047619047619047616
fri_c3_1000_5,0.1,0.9775701172047869,0.9772041866306818,-7.9822668085088795,0.047619047619047616
fri_c3_1000_50,0.7,0.9590849276242535,0.9589634578398624,0.8064516129033228,0.047619047619047616
fri_c3_500_10,0.3,0.964975845410628,0.9646537842190016,0.5000000000000862,0.09523809523809523
fri_c3_500_25,0.0,0.9369318181818181,0.9362824675324676,1.0,0.047619047619047616
fri_c3_500_5,0.6,0.9716713180269483,0.9715109007812741,0.6004006410256999,0.047619047619047616
fri_c3_500_50,0.3,0.9219910240718076,0.9217462260301919,0.7000000000000272,0.047619047619047616
fri_c4_1000_10,0.8,0.9636566558441558,0.9621753246753247,0.33636363636368566,0.047619047619047616
fri_c4_1000_100,0.8,0.9474722815583358,0.9468009358152782,0.7642857142857432,0.047619047619047616
fri_c4_1000_25,0.8,0.94836371172151,0.9476972385412752,0.15396707206074883,0.09523809523809523
fri_c4_1000_50,0.8,0.9436282467532469,0.9428165584415584,0.493670886075916,0.047619047619047616
fri_c4_500_10,0.1,0.9428686868686869,0.9427878787878787,0.0,0.047619047619047616
fri_c4_500_100,0.9,0.9094247246022032,0.9077927376580988,0.4285714285714119,0.09523809523809523
fri_c4_500_25,0.8,0.9414116687066503,0.9406772745818033,0.3571428571427877,0.047619047619047616
fri_c4_500_50,0.4,0.946768366118025,0.946607788036933,0.6666666666667435,0.047619047619047616
fried,0.8,0.9848082146206275,0.9846866397292263,0.47259630057655994,0.047619047619047616
gina,0.7,0.9829725655712993,0.9827394231735503,0.6506024096385061,0.047619047619047616
gina_agnostic,0.7,0.9828184061209739,0.9824080150864397,0.6388888888890083,0.047619047619047616
gina_prior,0.8,0.9901506151711763,0.9896571490284366,0.28947368421058944,0.047619047619047616
gina_seed_0_nrows_2000_nclasses_10_ncols_100_stratify_True,0.6,0.9401834013843591,0.940103394762421,0.9352389551373883,0.047619047619047616
gina_seed_1_nrows_2000_nclasses_10_ncols_100_stratify_True,0.8,0.9480765446385101,0.9469560964592384,0.5985636637803936,0.047619047619047616
gina_seed_2_nrows_2000_nclasses_10_ncols_100_stratify_True,0.7,0.9414039561212197,0.940723733043016,0.6616963343672762,0.047619047619047616
gina_seed_3_nrows_2000_nclasses_10_ncols_100_stratify_True,0.8,0.9348908327552972,0.9343606714521971,0.6645736681022545,0.047619047619047616
gina_seed_4_nrows_2000_nclasses_10_ncols_100_stratify_True,0.7,0.9347160315202572,0.9336656533784528,0.6236603462490226,0.047619047619047616
glioma_grading_clinical_and_mutation_features,0.5,0.9142442282561347,0.9142442282561347,1.0,0.047619047619047616
guillermo_seed_0_nrows_2000_nclasses_10_ncols_100_stratify_True,1.1,0.5774791666666668,0.5756510416666667,0.637021716649425,0.14285714285714285
guillermo_seed_1_nrows_2000_nclasses_10_ncols_100_stratify_True,1.2,0.5877708333333334,0.5855989583333333,0.6080827067669091,0.14285714285714285
guillermo_seed_2_nrows_2000_nclasses_10_ncols_100_stratify_True,1.1,0.5767447916666667,0.5756979166666666,0.5821205821205382,0.14285714285714285
guillermo_seed_3_nrows_2000_nclasses_10_ncols_100_stratify_True,0.8,0.5686406249999999,0.5676510416666667,0.7338935574229938,0.09523809523809523
guillermo_seed_4_nrows_2000_nclasses_10_ncols_100_stratify_True,1.5,0.6417161458333334,0.6389973958333334,0.36341463414634356,0.047619047619047616
hazelnut-spread-contaminant-detection,0.6,0.9708680555555557,0.9708090277777778,0.8316831683165308,0.047619047619047616
heloc,0.0,0.7921849816849817,0.7921600732600732,1.0,0.047619047619047616
higgs,0.0,0.8036352305280561,0.8030530109878073,1.0,0.047619047619047616
hill-valley,0.5,0.7569647696476965,0.7569647696476965,1.0,0.047619047619047616
house_16H,0.5,0.9529232042404636,0.9529232042404636,1.0,0.047619047619047616
house_16H_seed_0_nrows_2000_nclasses_10_ncols_100_stratify_True,0.1,0.93882,0.938725,-8.499999999933387,0.047619047619047616
house_16H_seed_1_nrows_2000_nclasses_10_ncols_100_stratify_True,0.0,0.9373699999999999,0.9363250000000001,1.0,0.047619047619047616
house_16H_seed_2_nrows_2000_nclasses_10_ncols_100_stratify_True,0.7,0.9278549999999999,0.9277200000000001,0.0,0.047619047619047616
house_16H_seed_3_nrows_2000_nclasses_10_ncols_100_stratify_True,0.0,0.943285,0.943125,1.0,0.047619047619047616
house_16H_seed_4_nrows_2000_nclasses_10_ncols_100_stratify_True,0.0,0.954775,0.95466,1.0,0.047619047619047616
house_8L,0.6,0.9496484881199521,0.9496386905235059,0.9195751138095507,0.047619047619047616
houses,0.7,0.998659646244381,0.9986439567246693,0.7690140845085432,0.09523809523809523
ibm-employee-attrition,0.4,0.8187268498578689,0.8182961495391506,-0.785714285714746,0.047619047619047616
ibm-employee-performance,0.9,0.46761267291387776,0.4663810798750558,0.7481751824817472,0.09523809523809523
ilpd,0.7,0.7606723302683615,0.7605331435239302,0.8223353566999422,0.047619047619047616
ilpd-numeric,0.7,0.7606723302683615,0.7605331435239302,0.8223353566999422,0.047619047619047616
imdb_genre_prediction,0.5,0.8161976235146966,0.8161976235146966,1.0,0.047619047619047616
in_vehicle_coupon_recommendation,0.7,0.8256248614620738,0.825503391408432,0.9008067852710403,0.09523809523809523
internet_usage,0.7,0.9496006086437877,0.9494494438405324,0.7401541095892579,0.09523809523809523
isolet,0.0,1.0,1.0,1.0,0.38095238095238093
jannis,0.3,0.8643551940541279,0.8642667416769528,0.3513381995133923,0.09523809523809523
jannis_seed_0_nrows_2000_nclasses_10_ncols_100_stratify_True,0.4,0.8384199999999999,0.83841,0.9767441860466197,0.09523809523809523
jannis_seed_1_nrows_2000_nclasses_10_ncols_100_stratify_True,0.0,0.8225849999999999,0.8218799999999999,1.0,0.047619047619047616
jannis_seed_2_nrows_2000_nclasses_10_ncols_100_stratify_True,0.0,0.8135450000000001,0.8124800000000001,1.0,0.047619047619047616
jannis_seed_3_nrows_2000_nclasses_10_ncols_100_stratify_True,0.0,0.8361599999999999,0.8356300000000001,1.0,0.047619047619047616
jannis_seed_4_nrows_2000_nclasses_10_ncols_100_stratify_True,0.0,0.810065,0.8097299999999998,1.0,0.047619047619047616
jasmine,0.0,0.8759242216785257,0.8745909182734394,1.0,0.047619047619047616
jasmine_seed_0_nrows_2000_nclasses_10_ncols_100_stratify_True,0.0,0.85365,0.8524049999999999,1.0,0.047619047619047616
jasmine_seed_1_nrows_2000_nclasses_10_ncols_100_stratify_True,0.0,0.8616699999999999,0.8590949999999999,1.0,0.047619047619047616
jasmine_seed_2_nrows_2000_nclasses_10_ncols_100_stratify_True,0.0,0.865535,0.864465,1.0,0.047619047619047616
jasmine_seed_3_nrows_2000_nclasses_10_ncols_100_stratify_True,0.1,0.850255,0.849765,-11.25000000002151,0.047619047619047616
jasmine_seed_4_nrows_2000_nclasses_10_ncols_100_stratify_True,0.0,0.84433,0.8424799999999999,1.0,0.047619047619047616
jm1,1.0,0.7493737115772728,0.7480323992663093,-0.1551724137931117,0.047619047619047616
jungle_chess_2pcs_endgame_lion_lion,0.7,0.9995467315976775,0.9995317475182619,0.7894736842112652,0.047619047619047616
kc1,0.8,0.8328679163973283,0.8322301228183582,0.6916666666666452,0.047619047619047616
kc1_seed_0_nrows_2000_nclasses_10_ncols_100_stratify_True,0.5,0.807873640007635,0.807873640007635,1.0,0.047619047619047616
kc1_seed_1_nrows_2000_nclasses_10_ncols_100_stratify_True,0.3,0.8374928421454475,0.83733059744226,-0.21428571428440854,0.047619047619047616
kc1_seed_2_nrows_2000_nclasses_10_ncols_100_stratify_True,1.0,0.8233393777438442,0.8194836800916205,0.0797266514806267,0.047619047619047616
kc1_seed_3_nrows_2000_nclasses_10_ncols_100_stratify_True,0.5,0.8254915060125978,0.8254915060125978,1.0,0.047619047619047616
kc1_seed_4_nrows_2000_nclasses_10_ncols_100_stratify_True,0.9,0.815957243748807,0.8148787936629127,0.40211640211640604,0.09523809523809523
kc2,0.5,0.8369660460021906,0.8369660460021906,1.0,0.047619047619047616
kdd_el_nino-small,0.1,0.9916221033868092,0.9914795008912656,-0.3333333333343714,0.09523809523809523
kdd_internet_usage,0.7,0.9514576694969599,0.9511147470355386,0.6005221932113693,0.09523809523809523
kdd_ipums_la_97-small,0.3,0.9472002257193877,0.9471920582415422,0.5000000000135932,0.047619047619047616
kdd_ipums_la_97-small_seed_0_nrows_2000_nclasses_10_ncols_100_stratify_True,0.9,0.932535,0.932395,0.5,0.047619047619047616
kdd_ipums_la_97-small_seed_1_nrows_2000_nclasses_10_ncols_100_stratify_True,0.9,0.9385999999999999,0.938205,0.3969465648854755,0.047619047619047616
kdd_ipums_la_97-small_seed_2_nrows_2000_nclasses_10_ncols_100_stratify_True,0.0,0.947315,0.94719,1.0,0.047619047619047616
kdd_ipums_la_97-small_seed_3_nrows_2000_nclasses_10_ncols_100_stratify_True,0.0,0.938715,0.93857,1.0,0.09523809523809523
kdd_ipums_la_97-small_seed_4_nrows_2000_nclasses_10_ncols_100_stratify_True,0.9,0.9395150000000001,0.9392849999999999,0.3521126760560385,0.047619047619047616
kick_starter_funding,0.4,0.6657325025505568,0.6657322659682675,0.9983978360377449,0.09523809523809523
kin8nm,0.8,0.9596803550948062,0.9589865498905225,0.49325500435167136,0.047619047619047616
kr-vs-kp_seed_0_nrows_2000_nclasses_10_ncols_100_stratify_True,0.7,0.9993486810791854,0.9990981738019489,0.42528735632159315,0.047619047619047616
kr-vs-kp_seed_3_nrows_2000_nclasses_10_ncols_100_stratify_True,0.7,0.9990029810365991,0.998857686815802,0.5322580645162155,0.047619047619047616
kr-vs-kp_seed_4_nrows_2000_nclasses_10_ncols_100_stratify_True,0.6,0.9978306069791328,0.997715373631604,0.6891891891890718,0.047619047619047616
law-school-admission-bianry,1.3,0.7424978668733035,0.7366672764466015,-0.4592968553292365,0.047619047619047616
madeline,0.6,0.8841630152547874,0.8841183868873742,0.9430051813471907,0.047619047619047616
madeline_seed_0_nrows_2000_nclasses_10_ncols_100_stratify_True,0.0,0.6444461111527788,0.6438310957773944,1.0,0.047619047619047616
madeline_seed_1_nrows_2000_nclasses_10_ncols_100_stratify_True,0.7,0.8143053576339409,0.8138803470086753,0.8199152542373187,0.14285714285714285
madeline_seed_2_nrows_2000_nclasses_10_ncols_100_stratify_True,0.4,0.8234805870146754,0.8234155853896347,0.905797101449097,0.047619047619047616
madeline_seed_3_nrows_2000_nclasses_10_ncols_100_stratify_True,0.9,0.8233255831395784,0.8228555713892847,0.659420289855087,0.09523809523809523
madeline_seed_4_nrows_2000_nclasses_10_ncols_100_stratify_True,0.8,0.7845596139903497,0.7841146028650716,0.6855123674911896,0.047619047619047616
madelon,0.7,0.8484467455621303,0.848266272189349,0.8523002421306101,0.09523809523809523
mental-health-in-tech-survey,1.0,0.7136202179384956,0.7073950565170489,0.43505876232590035,0.09523809523809523
mofn-3-7-10,0.0,1.0,1.0,1.0,0.38095238095238093
monks-problems-3,0.1,0.9950292397660819,0.9949642625081221,0.0,0.19047619047619047
mozilla4,0.8,0.9793922615684565,0.9791442294854859,0.6939368520846773,0.09523809523809523
no2,0.5,0.7066399999999999,0.7066399999999999,1.0,0.047619047619047616
nomao,0.6,0.9954302142180236,0.9953936812634833,0.7894423968611528,0.09523809523809523
nomao_seed_0_nrows_2000_nclasses_10_ncols_100_stratify_True,0.7,0.9835971046497363,0.983376272849957,0.21739130434753529,0.047619047619047616
nomao_seed_1_nrows_2000_nclasses_10_ncols_100_stratify_True,0.0,0.9903386087596614,0.9902649981597349,1.0,0.047619047619047616
nomao_seed_2_nrows_2000_nclasses_10_ncols_100_stratify_True,0.1,0.9852717457980615,0.985161329898172,-17.000000000054296,0.047619047619047616
nomao_seed_3_nrows_2000_nclasses_10_ncols_100_stratify_True,0.3,0.9862777573303889,0.9862286835971046,0.6521739130427255,0.09523809523809523
nomao_seed_4_nrows_2000_nclasses_10_ncols_100_stratify_True,0.4,0.9911299227088701,0.9910808489755858,-0.14285714285640413,0.047619047619047616
numerai28.6,0.0,0.5276361524422156,0.5263628832216841,1.0,0.047619047619047616
numerai28.6_seed_0_nrows_2000_nclasses_10_ncols_100_stratify_True,0.0,0.5411591159115912,0.5390139013901389,1.0,0.047619047619047616
numerai28.6_seed_1_nrows_2000_nclasses_10_ncols_100_stratify_True,0.4,0.48086308630863084,0.4806680668066807,0.17021276595774332,0.047619047619047616
numerai28.6_seed_2_nrows_2000_nclasses_10_ncols_100_stratify_True,2.0,0.5345334533453345,0.524082408240824,-0.005291005291014784,0.047619047619047616
numerai28.6_seed_3_nrows_2000_nclasses_10_ncols_100_stratify_True,0.0,0.5116761676167616,0.5092409240924093,1.0,0.047619047619047616
numerai28.6_seed_4_nrows_2000_nclasses_10_ncols_100_stratify_True,1.4,0.5553205320532053,0.5519601960196019,0.20754716981130197,0.047619047619047616
online-shoppers-intention,0.8,0.9229964526534754,0.922486458783451,0.5866422317247328,0.047619047619047616
online_shoppers,0.8,0.9231537216991086,0.9221681522645738,0.5202396967103194,0.047619047619047616
online_shoppers_intention,0.7,0.9194546331561335,0.9190607068565285,0.6692680869015459,0.09523809523809523
parity5_plus_5,2.0,0.9836590974166661,0.9819998778138043,0.18604913312509422,0.047619047619047616
pbcseq,0.3,0.8829341792228391,0.8828918847475549,0.925233644859659,0.09523809523809523
philippine,0.1,0.8400749547686741,0.8398764068704623,-10.266666666645667,0.047619047619047616
philippine_seed_0_nrows_2000_nclasses_10_ncols_100_stratify_True,0.4,0.806695,0.8059499999999999,-1.223880597015415,0.047619047619047616
philippine_seed_1_nrows_2000_nclasses_10_ncols_100_stratify_True,0.1,0.79294,0.7922800000000001,-3.5517241379317737,0.047619047619047616
philippine_seed_2_nrows_2000_nclasses_10_ncols_100_stratify_True,0.0,0.804045,0.8024549999999999,1.0,0.047619047619047616
philippine_seed_3_nrows_2000_nclasses_10_ncols_100_stratify_True,0.1,0.8223900000000001,0.8219799999999999,-12.666666666632127,0.047619047619047616
philippine_seed_4_nrows_2000_nclasses_10_ncols_100_stratify_True,0.0,0.7794949999999999,0.77744,1.0,0.047619047619047616
phoneme,0.6,0.9451123941035255,0.9450449378013213,0.777777777777534,0.047619047619047616
phoneme_seed_0_nrows_2000_nclasses_10_ncols_100_stratify_True,0.3,0.932245,0.9320299999999999,-2.30769230769441,0.047619047619047616
phoneme_seed_1_nrows_2000_nclasses_10_ncols_100_stratify_True,0.7,0.9305299999999999,0.9301299999999999,0.6734693877550872,0.047619047619047616
phoneme_seed_2_nrows_2000_nclasses_10_ncols_100_stratify_True,0.4,0.93186,0.9318099999999999,0.8113207547165543,0.047619047619047616
phoneme_seed_3_nrows_2000_nclasses_10_ncols_100_stratify_True,0.0,0.93353,0.93353,1.0,0.09523809523809523
phoneme_seed_4_nrows_2000_nclasses_10_ncols_100_stratify_True,0.7,0.9418199999999999,0.94147,0.4166666666667438,0.047619047619047616
pm10,0.0,0.6329731892757102,0.6312925170068027,1.0,0.047619047619047616
pol,0.7,0.9990629965233533,0.9990165887960734,0.41147132169447553,0.047619047619047616
pol_seed_0_nrows_2000_nclasses_10_ncols_100_stratify_True,0.4,0.99695,0.99695,1.0,0.09523809523809523
pol_seed_1_nrows_2000_nclasses_10_ncols_100_stratify_True,0.8,0.997475,0.997435,0.7575757575754721,0.047619047619047616
pol_seed_2_nrows_2000_nclasses_10_ncols_100_stratify_True,0.6,0.9943949999999999,0.9943649999999999,0.8750000000001157,0.047619047619047616
pol_seed_3_nrows_2000_nclasses_10_ncols_100_stratify_True,0.8,0.99698,0.996545,0.33076923076921366,0.047619047619047616
pol_seed_4_nrows_2000_nclasses_10_ncols_100_stratify_True,0.7,0.99624,0.9961549999999999,0.5853658536580082,0.047619047619047616
pollen,2.0,0.4843892730645978,0.48228976218586606,-3.010309278350579,0.047619047619047616
profb,0.8,0.6093333333333334,0.6053333333333334,0.5909090909090904,0.09523809523809523
puma32H,1.0,0.9483779026652253,0.9475937325959215,0.43883205456088126,0.09523809523809523
puma8NH,0.0,0.910928751816644,0.9108188597431681,1.0,0.047619047619047616
qsar,0.0,0.9301810865191147,0.9289134808853119,1.0,0.09523809523809523
qsar-biodeg,0.0,0.9258350100603622,0.925513078470825,1.0,0.047619047619047616
qsar-biodeg_seed_0_nrows_2000_nclasses_10_ncols_100_stratify_True,0.0,0.9270221327967807,0.9258752515090544,1.0,0.047619047619047616
qsar-biodeg_seed_1_nrows_2000_nclasses_10_ncols_100_stratify_True,0.0,0.9270221327967807,0.9258752515090544,1.0,0.047619047619047616
qsar-biodeg_seed_2_nrows_2000_nclasses_10_ncols_100_stratify_True,0.0,0.9270221327967807,0.9258752515090544,1.0,0.047619047619047616
qsar-biodeg_seed_3_nrows_2000_nclasses_10_ncols_100_stratify_True,0.0,0.9270221327967807,0.9258752515090544,1.0,0.047619047619047616
qsar-biodeg_seed_4_nrows_2000_nclasses_10_ncols_100_stratify_True,0.0,0.9270221327967807,0.9258752515090544,1.0,0.047619047619047616
quake,2.0,0.5265996421572804,0.5191573655959785,-0.6465598491988913,0.047619047619047616
riccardo_seed_0_nrows_2000_nclasses_10_ncols_100_stratify_True,0.6,0.9092933333333333,0.9090066666666667,0.6504065040651111,0.047619047619047616
riccardo_seed_1_nrows_2000_nclasses_10_ncols_100_stratify_True,0.7,0.9135200000000001,0.9132933333333334,0.5903614457831108,0.047619047619047616
riccardo_seed_2_nrows_2000_nclasses_10_ncols_100_stratify_True,0.6,0.9089133333333332,0.9087733333333332,0.8489208633092974,0.09523809523809523
riccardo_seed_3_nrows_2000_nclasses_10_ncols_100_stratify_True,0.8,0.9033066666666667,0.9025533333333333,0.5129310344827355,0.09523809523809523
riccardo_seed_4_nrows_2000_nclasses_10_ncols_100_stratify_True,0.7,0.9055466666666667,0.9051533333333334,0.7049999999999746,0.047619047619047616
ringnorm,0.8,0.9974577710569428,0.9973098396313768,0.2344045368614618,0.047619047619047616
rl,0.9,0.8499989878911295,0.8493601447720529,0.6775643645280313,0.09523809523809523
rl_seed_0_nrows_2000_nclasses_10_ncols_100_stratify_True,0.3,0.8051449999999999,0.80489,-3.6363636363781335,0.047619047619047616
rl_seed_1_nrows_2000_nclasses_10_ncols_100_stratify_True,0.7,0.7862250000000001,0.786125,0.8941798941797978,0.047619047619047616
rl_seed_2_nrows_2000_nclasses_10_ncols_100_stratify_True,0.0,0.77767,0.7774949999999999,1.0,0.047619047619047616
rl_seed_3_nrows_2000_nclasses_10_ncols_100_stratify_True,0.0,0.798395,0.79796,1.0,0.047619047619047616
rl_seed_4_nrows_2000_nclasses_10_ncols_100_stratify_True,0.6,0.77738,0.777245,0.821192052980152,0.09523809523809523
rmftsa_ladata,0.0,0.969626513165533,0.9682989911211328,1.0,0.09523809523809523
rmftsa_sleepdata,0.9,0.8126499143346659,0.8097372929754426,0.11046511627906168,0.047619047619047616
road-safety_seed_0_nrows_2000_nclasses_10_ncols_100_stratify_True,0.0,0.805875,0.8050499999999999,1.0,0.047619047619047616
road-safety_seed_1_nrows_2000_nclasses_10_ncols_100_stratify_True,0.3,0.795625,0.79545,-2.181818181817264,0.047619047619047616
road-safety_seed_2_nrows_2000_nclasses_10_ncols_100_stratify_True,0.0,0.81145,0.8093049999999999,1.0,0.047619047619047616
road-safety_seed_3_nrows_2000_nclasses_10_ncols_100_stratify_True,0.0,0.781835,0.7797099999999999,1.0,0.047619047619047616
road-safety_seed_4_nrows_2000_nclasses_10_ncols_100_stratify_True,0.5,0.80351,0.80351,1.0,0.047619047619047616
sensory,0.9,0.7202205882352941,0.7175245098039216,0.49425287356322367,0.047619047619047616
socmob,0.7,0.9864316239316239,0.9861965811965812,0.7105263157894773,0.047619047619047616
solar-flare,0.7,0.7705909299129637,0.7687585890975722,0.5384615384615643,0.047619047619047616
space_ga,0.0,0.9242948134667881,0.9238708743485814,1.0,0.047619047619047616
spam,0.5,0.9896284447604096,0.9896284447604096,1.0,0.047619047619047616
spambase,0.5,0.9896284447604096,0.9896284447604096,1.0,0.047619047619047616
spambase_reproduced,0.5,0.9896284447604096,0.9896284447604096,1.0,0.047619047619047616
splice,0.7,0.9916795418089495,0.9913547929972347,0.6863117870721435,0.09523809523809523
stock,0.0,0.996408380445627,0.9963418689723978,1.0,0.14285714285714285
strikes,0.8,0.999231950844854,0.9990271377368151,0.6363636363635289,0.047619047619047616
student_depression_dataset,0.8,0.9179730235309869,0.9176882989605344,0.33376671619625087,0.047619047619047616
students_scores,0.7,0.96171875,0.9608573717948719,0.6260869565217836,0.09523809523809523
sylvine,0.7,0.9816535696881091,0.980385751705653,0.29118773946363696,0.047619047619047616
sylvine_seed_0_nrows_2000_nclasses_10_ncols_100_stratify_True,0.6,0.97828,0.978105,0.6236559139784561,0.047619047619047616
sylvine_seed_1_nrows_2000_nclasses_10_ncols_100_stratify_True,0.4,0.9700200000000001,0.9700199999999999,0.9999999999851971,0.09523809523809523
sylvine_seed_2_nrows_2000_nclasses_10_ncols_100_stratify_True,0.7,0.97586,0.9755649999999999,0.29761904761871405,0.047619047619047616
sylvine_seed_3_nrows_2000_nclasses_10_ncols_100_stratify_True,0.7,0.976085,0.9759650000000001,0.6000000000004441,0.047619047619047616
sylvine_seed_4_nrows_2000_nclasses_10_ncols_100_stratify_True,0.6,0.9743,0.9742900000000001,0.8666666666673575,0.047619047619047616
synthetic_control,0.0,1.0,1.0,1.0,1.0
telco-customer-churn,0.7,0.8450355214549587,0.8448800020667029,0.6766917293235304,0.09523809523809523
test_dataset,0.6,0.9285290250978552,0.9284180418533456,0.8301671732522367,0.047619047619047616
threeOf9,0.0,1.0,1.0,1.0,0.38095238095238093
tic-tac-toe,0.7,0.9999044776119403,0.9995933521426059,0.7868909533297911,0.14285714285714285
titanic,0.8,0.8803162055335969,0.8800263504611332,0.7179487179487817,0.047619047619047616
tokyo1,0.4,0.9768709327863057,0.9768709327863057,1.0,0.09523809523809523
twonorm,0.6,0.9975898433852475,0.9975876520086796,0.9368422922308857,0.047619047619047616
vehicle,0.7,0.9992424242424243,0.999062049062049,0.3749999999997596,0.047619047619047616
water-treatment,0.7,0.9956944444444444,0.9951388888888889,0.20000000000015988,0.09523809523809523
waveform-5000,0.7,0.9647418493765315,0.9646166911642373,0.6601013997130251,0.09523809523809523
wdbc,0.8,0.9939953025647424,0.9937950051731578,0.2464547677260186,0.047619047619047616
wind,0.0,0.9446881716772086,0.9445627247195603,1.0,0.047619047619047616
wine,0.2,0.8921537990196079,0.8920067401960784,-1.0869565217357053,0.047619047619047616
wine_seed_0_nrows_2000_nclasses_10_ncols_100_stratify_True,0.7,0.8768,0.8766849999999999,-0.14999999999972244,0.047619047619047616
wine_seed_1_nrows_2000_nclasses_10_ncols_100_stratify_True,0.6,0.8852450000000001,0.8852,0.7567567567564972,0.047619047619047616
wine_seed_2_nrows_2000_nclasses_10_ncols_100_stratify_True,0.8,0.87273,0.8720549999999999,0.32160804020096634,0.047619047619047616
wine_seed_3_nrows_2000_nclasses_10_ncols_100_stratify_True,0.9,0.87286,0.87218,0.28042328042333015,0.047619047619047616
wine_seed_4_nrows_2000_nclasses_10_ncols_100_stratify_True,0.9,0.88077,0.8793849999999999,0.31435643564351456,0.047619047619047616
xd6,0.0,1.0,1.0,1.0,0.38095238095238093
